Consumer ID,Segment,Annual BNPL Transactions,Total Borrowed CAD,Total Paid CAD,Total Late Fees CAD,Missed Payment Count,Peak Simultaneous Plans,Est Monthly BNPL Commitment CAD,Awareness of Total Commitment %,Preferred Platform,Top Category
BNPL5001,Regular User,9,782.14,790.14,8.0,1,2,86.92,76.0,PayBright,Footwear
BNPL5002,Occasional User,3,288.23,288.23,0.0,0,1,48.04,67.0,Klarna,Beauty and Skincare
BNPL5003,Occasional User,1,296.38,296.38,0.0,0,1,148.18,85.0,PayBright,Sporting Goods
BNPL5004,Occasional User,2,320.64,320.64,0.0,0,1,80.16,65.0,Klarna,Beauty and Skincare
BNPL5005,Occasional User,1,72.19,72.19,0.0,0,1,36.1,77.0,Afterpay,Home and Furniture
BNPL5006,High Exposure User,18,2046.94,2118.94,72.0,9,6,341.16,53.0,Klarna,Footwear
BNPL5007,High Exposure User,14,2194.85,2282.85,88.0,11,6,470.28,28.0,Afterpay,Home and Furniture
BNPL5008,Occasional User,4,578.75,578.75,0.0,0,1,72.34,79.0,PayBright,Electronics and Tech
BNPL5009,Occasional User,2,117.55,117.55,0.0,0,1,29.38,88.0,Afterpay,Sporting Goods
BNPL5010,Occasional User,2,668.71,668.71,0.0,0,1,167.18,92.0,Afterpay,Home and Furniture
BNPL5011,Regular User,6,1168.51,1168.51,0.0,0,2,194.76,45.0,Afterpay,Home and Furniture
BNPL5012,Regular User,10,2004.64,2012.64,8.0,1,2,200.48,68.0,Afterpay,Beauty and Skincare
BNPL5013,Occasional User,1,430.55,430.55,0.0,0,1,215.28,87.0,Afterpay,Sporting Goods
BNPL5014,High Exposure User,15,2728.4,2792.4,64.0,8,5,454.7,40.0,Afterpay,Sporting Goods
BNPL5015,Regular User,8,1145.83,1153.83,8.0,1,3,214.86,68.0,Afterpay,Electronics and Tech
BNPL5016,High Exposure User,21,3520.18,3600.18,80.0,10,6,502.92,23.0,Klarna,Electronics and Tech
BNPL5017,Regular User,7,1218.58,1218.58,0.0,0,2,174.08,69.0,Klarna,Home and Furniture
BNPL5018,High Exposure User,9,1161.33,1241.33,80.0,10,6,387.12,32.0,Klarna,"Fast Fashion (Shein, Temu, ASOS)"
BNPL5019,Regular User,5,903.6,903.6,0.0,0,3,271.08,71.0,Afterpay,Sporting Goods
BNPL5020,Regular User,5,1011.86,1027.86,16.0,2,3,303.54,60.0,Sezzle,Electronics and Tech
BNPL5021,Regular User,6,1264.61,1280.61,16.0,2,2,210.76,69.0,Klarna,Home and Furniture
BNPL5022,Occasional User,2,145.34,145.34,0.0,0,1,36.34,95.0,PayBright,Footwear
BNPL5023,Regular User,7,418.11,418.11,0.0,0,2,59.72,88.0,Klarna,Sporting Goods
BNPL5024,High Exposure User,16,2087.35,2143.35,56.0,7,6,391.32,10.0,Sezzle,Sporting Goods
BNPL5025,Regular User,4,583.44,599.44,16.0,2,2,145.88,74.0,Sezzle,Home and Furniture
BNPL5026,Regular User,7,641.44,641.44,0.0,0,2,91.64,73.0,Klarna,Footwear
BNPL5027,High Exposure User,18,3455.38,3479.38,24.0,3,6,575.88,17.0,Afterpay,Electronics and Tech
BNPL5028,Regular User,7,1038.64,1038.64,0.0,0,3,222.54,64.0,PayBright,Electronics and Tech
BNPL5029,Occasional User,2,138.74,138.74,0.0,0,1,34.68,100.0,Afterpay,Sporting Goods
BNPL5030,Occasional User,2,214.46,214.46,0.0,0,1,53.62,72.0,Klarna,Electronics and Tech
BNPL5031,Occasional User,2,284.69,284.69,0.0,0,1,71.18,86.0,Afterpay,"Fast Fashion (Shein, Temu, ASOS)"
BNPL5032,Regular User,8,1428.93,1428.93,0.0,0,2,178.6,87.0,PayBright,Footwear
BNPL5033,Occasional User,1,259.13,259.13,0.0,0,1,129.56,90.0,PayBright,Footwear
BNPL5034,Regular User,6,876.58,876.58,0.0,0,2,146.08,60.0,Klarna,Sporting Goods
BNPL5035,High Exposure User,12,1636.87,1684.87,48.0,6,5,341.0,31.0,Klarna,"Fast Fashion (Shein, Temu, ASOS)"
BNPL5036,High Exposure User,16,1854.18,1918.18,64.0,8,6,347.64,24.0,Afterpay,Electronics and Tech
BNPL5037,Occasional User,1,120.66,120.66,0.0,0,1,60.32,100.0,Paidy,Sporting Goods
BNPL5038,High Exposure User,12,1378.22,1434.22,56.0,7,6,344.52,40.0,Sezzle,Electronics and Tech
BNPL5039,Occasional User,1,359.48,359.48,0.0,0,1,179.74,82.0,Afterpay,Home and Furniture
BNPL5040,Regular User,6,651.11,651.11,0.0,0,3,162.78,61.0,Sezzle,Footwear
BNPL5041,Occasional User,2,251.22,251.22,0.0,0,1,62.8,97.0,Paidy,Sporting Goods
BNPL5042,Regular User,7,548.88,548.88,0.0,0,2,78.4,69.0,Afterpay,Sporting Goods
BNPL5043,Regular User,4,654.53,654.53,0.0,0,2,163.64,87.0,Klarna,"Fast Fashion (Shein, Temu, ASOS)"
BNPL5044,Regular User,10,1946.61,1962.61,16.0,2,2,194.68,59.0,PayBright,Footwear
BNPL5045,High Exposure User,15,1955.3,1995.3,40.0,5,6,391.08,10.0,Sezzle,Footwear
BNPL5046,Regular User,10,1153.95,1161.95,8.0,1,3,173.1,51.0,Klarna,Beauty and Skincare
BNPL5047,High Exposure User,19,2459.31,2539.31,80.0,10,4,258.88,25.0,Afterpay,Beauty and Skincare
BNPL5048,Regular User,7,1078.44,1078.44,0.0,0,2,154.08,54.0,Klarna,Electronics and Tech
BNPL5049,Regular User,8,1013.7,1037.7,24.0,3,2,126.72,76.0,Klarna,Sporting Goods
BNPL5050,High Exposure User,9,1638.38,1670.38,32.0,4,5,455.1,41.0,Klarna,Home and Furniture
BNPL5051,High Exposure User,6,786.12,834.12,48.0,6,5,327.5,27.0,Klarna,Electronics and Tech
BNPL5052,Regular User,6,922.78,938.78,16.0,2,2,153.8,67.0,Paidy,"Fast Fashion (Shein, Temu, ASOS)"
BNPL5053,Regular User,8,1285.9,1285.9,0.0,0,2,160.72,59.0,Klarna,Sporting Goods
BNPL5054,High Exposure User,14,2007.62,2007.62,0.0,0,6,430.2,21.0,Klarna,Home and Furniture
BNPL5055,Occasional User,1,408.8,408.8,0.0,0,1,204.4,88.0,Klarna,Electronics and Tech
BNPL5056,Regular User,8,1555.74,1555.74,0.0,0,3,291.72,52.0,Sezzle,Sporting Goods
BNPL5057,Regular User,5,720.32,720.32,0.0,0,2,144.08,83.0,PayBright,Beauty and Skincare
BNPL5058,Occasional User,1,245.16,245.16,0.0,0,1,122.58,95.0,Paidy,Sporting Goods
BNPL5059,Occasional User,2,224.11,224.11,0.0,0,1,56.02,100.0,Klarna,Beauty and Skincare
BNPL5060,Occasional User,1,164.45,164.45,0.0,0,1,82.22,89.0,Afterpay,Sporting Goods
BNPL5061,High Exposure User,16,3264.07,3296.07,32.0,4,6,612.0,37.0,Afterpay,"Fast Fashion (Shein, Temu, ASOS)"
BNPL5062,High Exposure User,14,2657.34,2697.34,40.0,5,5,474.5,41.0,Afterpay,Sporting Goods
BNPL5063,High Exposure User,15,2022.45,2094.45,72.0,9,4,269.68,31.0,Afterpay,"Fast Fashion (Shein, Temu, ASOS)"
BNPL5064,Occasional User,1,65.08,65.08,0.0,0,1,32.54,75.0,Afterpay,Footwear
BNPL5065,Occasional User,1,81.95,81.95,0.0,0,1,40.98,64.0,Sezzle,Home and Furniture
BNPL5066,Occasional User,1,84.99,84.99,0.0,0,1,42.5,90.0,Klarna,Footwear
BNPL5067,Occasional User,1,77.65,77.65,0.0,0,1,38.82,100.0,Afterpay,Home and Furniture
BNPL5068,Occasional User,2,510.01,510.01,0.0,0,1,127.5,85.0,PayBright,Sporting Goods
BNPL5069,Regular User,7,814.94,830.94,16.0,2,3,174.66,80.0,Sezzle,Sporting Goods
BNPL5070,Regular User,4,515.47,531.47,16.0,2,4,257.76,66.0,Klarna,Electronics and Tech
BNPL5071,Regular User,6,912.95,928.95,16.0,2,3,228.24,67.0,PayBright,Beauty and Skincare
BNPL5072,Regular User,6,663.47,671.47,8.0,1,2,110.56,71.0,PayBright,Beauty and Skincare
BNPL5073,Regular User,2,347.97,355.97,8.0,1,2,174.0,51.0,Sezzle,Electronics and Tech
BNPL5074,Regular User,8,796.53,796.53,0.0,0,2,99.56,74.0,PayBright,Home and Furniture
BNPL5075,Regular User,9,1326.43,1342.43,16.0,2,2,147.4,58.0,Afterpay,Electronics and Tech
BNPL5076,Occasional User,2,211.04,211.04,0.0,0,1,52.76,91.0,PayBright,Beauty and Skincare
BNPL5077,Occasional User,2,376.43,376.43,0.0,0,1,94.1,85.0,Klarna,Electronics and Tech
BNPL5078,Regular User,5,507.49,507.49,0.0,0,2,101.48,73.0,Afterpay,Home and Furniture
BNPL5079,Regular User,6,764.61,796.61,32.0,4,2,127.44,66.0,Afterpay,Beauty and Skincare
BNPL5080,Regular User,2,135.93,135.93,0.0,0,1,33.98,59.0,Klarna,"Fast Fashion (Shein, Temu, ASOS)"
BNPL5081,Occasional User,2,308.24,308.24,0.0,0,1,77.06,100.0,Afterpay,"Fast Fashion (Shein, Temu, ASOS)"
BNPL5082,Regular User,7,1282.54,1298.54,16.0,2,2,183.2,69.0,Afterpay,Beauty and Skincare
BNPL5083,Regular User,5,759.9,767.9,8.0,1,3,228.0,62.0,Klarna,Sporting Goods
BNPL5084,Regular User,7,506.49,522.49,16.0,2,3,108.54,81.0,Sezzle,Sporting Goods
BNPL5085,Regular User,7,1630.76,1646.76,16.0,2,3,349.44,56.0,Afterpay,"Fast Fashion (Shein, Temu, ASOS)"
BNPL5086,Occasional User,2,297.11,297.11,0.0,0,1,74.28,78.0,Klarna,Home and Furniture
BNPL5087,Regular User,5,972.87,1004.87,32.0,4,2,194.56,65.0,Klarna,Home and Furniture
BNPL5088,Regular User,8,1044.47,1052.47,8.0,1,3,195.84,64.0,Afterpay,Beauty and Skincare
BNPL5089,Occasional User,1,46.85,46.85,0.0,0,1,23.42,99.0,Afterpay,Sporting Goods
BNPL5090,Regular User,6,787.86,803.86,16.0,2,3,196.98,53.0,Klarna,Beauty and Skincare
BNPL5091,High Exposure User,7,974.36,1006.36,32.0,4,6,417.6,19.0,Sezzle,Electronics and Tech
BNPL5092,Regular User,8,1286.4,1302.4,16.0,2,4,321.6,65.0,Afterpay,Sporting Goods
BNPL5093,Occasional User,2,295.51,295.51,0.0,0,1,73.88,96.0,Paidy,Footwear
BNPL5094,Occasional User,2,584.79,592.79,8.0,1,1,146.2,95.0,Klarna,Electronics and Tech
BNPL5095,High Exposure User,11,1320.31,1352.31,32.0,4,5,300.1,24.0,Klarna,Home and Furniture
BNPL5096,Occasional User,2,129.9,129.9,0.0,0,1,32.48,75.0,Klarna,Electronics and Tech
BNPL5097,Regular User,4,357.02,357.02,0.0,0,2,89.24,56.0,Klarna,Electronics and Tech
BNPL5098,Regular User,6,504.6,504.6,0.0,0,1,42.06,43.0,Klarna,Beauty and Skincare
BNPL5099,Regular User,7,745.75,761.75,16.0,2,3,159.78,79.0,PayBright,Beauty and Skincare
BNPL5100,Occasional User,1,57.68,57.68,0.0,0,1,28.84,74.0,Klarna,Home and Furniture
BNPL5101,Occasional User,3,642.79,658.79,16.0,2,1,107.14,72.0,Afterpay,Electronics and Tech
BNPL5102,Regular User,5,557.71,557.71,0.0,0,2,111.56,51.0,Klarna,Sporting Goods
BNPL5103,High Exposure User,10,1511.82,1591.82,80.0,10,5,378.0,10.0,Afterpay,"Fast Fashion (Shein, Temu, ASOS)"
BNPL5104,Regular User,9,1469.0,1469.0,0.0,0,3,244.86,71.0,Afterpay,"Fast Fashion (Shein, Temu, ASOS)"
BNPL5105,Regular User,4,308.1,308.1,0.0,0,2,77.04,67.0,Afterpay,Footwear
BNPL5106,High Exposure User,15,3203.71,3275.71,72.0,9,7,747.6,31.0,Sezzle,"Fast Fashion (Shein, Temu, ASOS)"
BNPL5107,Occasional User,1,395.95,395.95,0.0,0,1,197.98,83.0,Afterpay,Footwear
BNPL5108,High Exposure User,14,1754.01,1786.01,32.0,4,6,375.84,22.0,Klarna,Home and Furniture
BNPL5109,Occasional User,1,48.19,48.19,0.0,0,1,24.1,100.0,Afterpay,"Fast Fashion (Shein, Temu, ASOS)"
BNPL5110,Regular User,7,1446.54,1454.54,8.0,1,3,309.96,64.0,Afterpay,Sporting Goods
BNPL5111,Occasional User,3,150.26,150.26,0.0,0,1,25.04,89.0,PayBright,Footwear
BNPL5112,High Exposure User,9,846.98,870.98,24.0,3,5,235.3,26.0,Afterpay,Footwear
BNPL5113,Regular User,5,893.16,925.16,32.0,4,3,267.96,67.0,PayBright,Footwear
BNPL5114,High Exposure User,6,1419.05,1459.05,40.0,5,6,709.56,32.0,Afterpay,Sporting Goods
BNPL5115,Regular User,4,536.68,536.68,0.0,0,2,134.16,62.0,Afterpay,Footwear
BNPL5116,Occasional User,3,414.19,414.19,0.0,0,1,69.04,100.0,Sezzle,Footwear
BNPL5117,High Exposure User,10,637.37,653.37,16.0,2,6,191.16,30.0,Afterpay,Home and Furniture
BNPL5118,Occasional User,1,201.42,201.42,0.0,0,1,100.7,73.0,Sezzle,Electronics and Tech
BNPL5119,High Exposure User,13,2334.88,2358.88,24.0,3,5,449.0,28.0,Sezzle,Sporting Goods
BNPL5120,Regular User,6,951.77,959.77,8.0,1,3,237.96,68.0,Klarna,Electronics and Tech
BNPL5121,High Exposure User,15,1583.35,1599.35,16.0,2,6,316.68,10.0,Klarna,Home and Furniture
BNPL5122,High Exposure User,13,1982.56,2014.56,32.0,4,4,305.04,30.0,Paidy,Beauty and Skincare
BNPL5123,High Exposure User,19,2833.47,2881.47,48.0,6,6,447.36,42.0,Klarna,Sporting Goods
BNPL5124,Regular User,8,1067.33,1083.33,16.0,2,3,200.1,79.0,Afterpay,Home and Furniture
BNPL5125,Occasional User,1,64.13,64.13,0.0,0,1,32.06,75.0,Paidy,Sporting Goods
BNPL5126,High Exposure User,15,2009.11,2065.11,56.0,7,4,267.92,26.0,Afterpay,"Fast Fashion (Shein, Temu, ASOS)"
BNPL5127,High Exposure User,11,1833.04,1849.04,16.0,2,6,499.92,10.0,Klarna,Sporting Goods
BNPL5128,High Exposure User,15,1952.87,1992.87,40.0,5,6,390.6,30.0,Afterpay,Beauty and Skincare
BNPL5129,Occasional User,1,145.28,145.28,0.0,0,1,72.64,86.0,Klarna,"Fast Fashion (Shein, Temu, ASOS)"
BNPL5130,Occasional User,1,62.03,62.03,0.0,0,1,31.02,89.0,Klarna,Home and Furniture
BNPL5131,Regular User,10,1617.18,1617.18,0.0,0,2,161.72,74.0,Afterpay,"Fast Fashion (Shein, Temu, ASOS)"
BNPL5132,Occasional User,2,94.37,94.37,0.0,0,1,23.6,100.0,Afterpay,Sporting Goods
BNPL5133,Occasional User,3,190.41,190.41,0.0,0,1,31.74,86.0,Klarna,Electronics and Tech
BNPL5134,Regular User,10,1353.1,1385.1,32.0,4,3,202.98,50.0,Klarna,Sporting Goods
BNPL5135,High Exposure User,15,2300.01,2380.01,80.0,10,5,383.3,22.0,Afterpay,Footwear
BNPL5136,Occasional User,2,76.07,76.07,0.0,0,1,19.02,100.0,Klarna,"Fast Fashion (Shein, Temu, ASOS)"
BNPL5137,High Exposure User,13,1775.28,1791.28,16.0,2,6,409.68,37.0,Afterpay,Footwear
BNPL5138,Regular User,6,1006.71,1022.71,16.0,2,3,251.7,41.0,Klarna,"Fast Fashion (Shein, Temu, ASOS)"
BNPL5139,Occasional User,2,330.61,330.61,0.0,0,1,82.66,97.0,Afterpay,Electronics and Tech
BNPL5140,Occasional User,1,117.36,117.36,0.0,0,1,58.68,86.0,Klarna,Sporting Goods
BNPL5141,Occasional User,3,816.8,816.8,0.0,0,1,136.14,96.0,Afterpay,Sporting Goods
BNPL5142,Regular User,5,837.73,837.73,0.0,0,2,167.56,56.0,Klarna,Home and Furniture
BNPL5143,High Exposure User,13,1635.83,1675.83,40.0,5,5,314.6,17.0,Sezzle,Electronics and Tech
BNPL5144,Regular User,9,1405.77,1405.77,0.0,0,3,234.3,69.0,Klarna,Electronics and Tech
BNPL5145,Occasional User,1,93.07,93.07,0.0,0,1,46.54,63.0,Afterpay,"Fast Fashion (Shein, Temu, ASOS)"
BNPL5146,Occasional User,2,137.92,137.92,0.0,0,1,34.48,97.0,Afterpay,Electronics and Tech
BNPL5147,Regular User,3,147.68,155.68,8.0,1,3,73.86,53.0,Sezzle,Electronics and Tech
BNPL5148,High Exposure User,16,2230.8,2294.8,64.0,8,5,348.6,11.0,Sezzle,Electronics and Tech
BNPL5149,High Exposure User,9,1169.22,1209.22,40.0,5,6,389.76,50.0,Sezzle,Sporting Goods
BNPL5150,Occasional User,2,102.58,102.58,0.0,0,1,25.64,98.0,Klarna,Sporting Goods
BNPL5151,Occasional User,2,221.48,221.48,0.0,0,1,55.36,100.0,Klarna,"Fast Fashion (Shein, Temu, ASOS)"
BNPL5152,Regular User,10,1035.29,1059.29,24.0,3,2,103.52,45.0,Afterpay,Footwear
BNPL5153,Regular User,7,934.21,934.21,0.0,0,3,200.16,70.0,Afterpay,Beauty and Skincare
BNPL5154,High Exposure User,5,721.75,745.75,24.0,3,4,288.72,40.0,PayBright,Beauty and Skincare
BNPL5155,Occasional User,1,79.87,79.87,0.0,0,1,39.94,98.0,PayBright,Sporting Goods
BNPL5156,High Exposure User,18,3313.02,3361.02,48.0,6,5,460.1,45.0,Sezzle,Home and Furniture
BNPL5157,Regular User,6,935.95,935.95,0.0,0,3,234.0,77.0,Sezzle,"Fast Fashion (Shein, Temu, ASOS)"
BNPL5158,Occasional User,2,430.38,438.38,8.0,1,1,107.6,58.0,Afterpay,Beauty and Skincare
BNPL5159,Occasional User,3,530.57,530.57,0.0,0,1,88.42,100.0,PayBright,"Fast Fashion (Shein, Temu, ASOS)"
BNPL5160,Regular User,6,1052.27,1052.27,0.0,0,3,263.04,84.0,Klarna,Electronics and Tech
BNPL5161,Regular User,9,1316.02,1356.02,40.0,5,3,219.36,63.0,Afterpay,Electronics and Tech
BNPL5162,Regular User,6,455.87,471.87,16.0,2,2,75.96,45.0,Afterpay,Beauty and Skincare
BNPL5163,Regular User,4,365.91,373.91,8.0,1,3,137.22,66.0,Sezzle,"Fast Fashion (Shein, Temu, ASOS)"
BNPL5164,High Exposure User,15,1643.98,1675.98,32.0,4,6,328.8,40.0,Afterpay,Home and Furniture
BNPL5165,High Exposure User,21,3262.01,3374.01,112.0,14,6,465.96,20.0,Afterpay,"Fast Fashion (Shein, Temu, ASOS)"
BNPL5166,High Exposure User,15,1841.63,1849.63,8.0,1,5,306.9,43.0,Afterpay,"Fast Fashion (Shein, Temu, ASOS)"
BNPL5167,Occasional User,1,45.67,45.67,0.0,0,1,22.84,74.0,Afterpay,Home and Furniture
BNPL5168,Occasional User,2,287.18,287.18,0.0,0,1,71.8,100.0,Afterpay,Sporting Goods
BNPL5169,Occasional User,1,60.77,60.77,0.0,0,1,30.38,80.0,Afterpay,Sporting Goods
BNPL5170,Occasional User,1,170.93,170.93,0.0,0,1,85.46,87.0,Klarna,Electronics and Tech
BNPL5171,Occasional User,2,197.55,197.55,0.0,0,1,49.38,85.0,Paidy,Home and Furniture
BNPL5172,Regular User,6,1234.44,1242.44,8.0,1,2,205.72,62.0,Sezzle,Home and Furniture
BNPL5173,Regular User,8,1158.13,1174.13,16.0,2,3,217.14,59.0,PayBright,"Fast Fashion (Shein, Temu, ASOS)"
BNPL5174,Occasional User,1,242.56,242.56,0.0,0,1,121.28,90.0,PayBright,Electronics and Tech
BNPL5175,Occasional User,1,445.63,445.63,0.0,0,1,222.82,94.0,Klarna,"Fast Fashion (Shein, Temu, ASOS)"
BNPL5176,High Exposure User,13,1980.12,2004.12,24.0,3,5,380.8,41.0,Afterpay,Sporting Goods
BNPL5177,Regular User,4,917.11,933.11,16.0,2,2,229.28,59.0,PayBright,"Fast Fashion (Shein, Temu, ASOS)"
BNPL5178,Occasional User,3,555.98,555.98,0.0,0,1,92.66,100.0,Afterpay,"Fast Fashion (Shein, Temu, ASOS)"
BNPL5179,High Exposure User,11,2162.08,2250.08,88.0,11,5,491.4,11.0,Afterpay,Home and Furniture
BNPL5180,Regular User,4,394.2,394.2,0.0,0,3,147.84,73.0,PayBright,Home and Furniture
BNPL5181,High Exposure User,9,1393.77,1425.77,32.0,4,6,464.64,21.0,Sezzle,Home and Furniture
BNPL5182,Occasional User,2,182.44,182.44,0.0,0,1,45.6,91.0,PayBright,"Fast Fashion (Shein, Temu, ASOS)"
BNPL5183,Occasional User,1,61.66,61.66,0.0,0,1,30.82,70.0,Paidy,Electronics and Tech
BNPL5184,Occasional User,2,133.85,133.85,0.0,0,1,33.46,97.0,Klarna,Home and Furniture
BNPL5185,Occasional User,1,50.28,50.28,0.0,0,1,25.14,96.0,Afterpay,"Fast Fashion (Shein, Temu, ASOS)"
BNPL5186,Occasional User,1,279.23,279.23,0.0,0,1,139.62,63.0,Klarna,Home and Furniture
BNPL5187,Occasional User,1,165.18,165.18,0.0,0,1,82.6,100.0,Afterpay,"Fast Fashion (Shein, Temu, ASOS)"
BNPL5188,High Exposure User,11,1210.4,1210.4,0.0,0,6,330.12,33.0,Afterpay,Beauty and Skincare
BNPL5189,Regular User,7,846.99,846.99,0.0,0,3,181.5,73.0,Klarna,Home and Furniture
BNPL5190,Occasional User,1,69.21,69.21,0.0,0,1,34.6,100.0,Sezzle,Electronics and Tech
BNPL5191,Regular User,6,664.79,664.79,0.0,0,2,110.8,66.0,Klarna,Beauty and Skincare
BNPL5192,High Exposure User,12,1066.86,1106.86,40.0,5,5,222.3,28.0,Afterpay,Home and Furniture
BNPL5193,Regular User,7,816.56,832.56,16.0,2,3,174.96,64.0,Afterpay,Footwear
BNPL5194,High Exposure User,12,2092.88,2116.88,24.0,3,5,436.0,42.0,Afterpay,Footwear
BNPL5195,High Exposure User,12,1246.44,1262.44,16.0,2,6,311.64,17.0,Paidy,Sporting Goods
BNPL5196,Occasional User,1,68.17,68.17,0.0,0,1,34.08,93.0,Paidy,Electronics and Tech
BNPL5197,Occasional User,1,72.67,72.67,0.0,0,1,36.34,69.0,Afterpay,Footwear
BNPL5198,Occasional User,2,366.55,366.55,0.0,0,1,91.64,100.0,Afterpay,Beauty and Skincare
BNPL5199,Regular User,6,1200.98,1200.98,0.0,0,2,200.16,79.0,Afterpay,Beauty and Skincare
BNPL5200,Occasional User,3,558.01,558.01,0.0,0,1,93.0,97.0,Klarna,Beauty and Skincare
BNPL5201,Occasional User,1,86.47,86.47,0.0,0,1,43.24,87.0,Klarna,"Fast Fashion (Shein, Temu, ASOS)"
BNPL5202,Occasional User,1,59.79,75.79,16.0,2,1,29.9,100.0,PayBright,Beauty and Skincare
BNPL5203,Regular User,2,175.73,175.73,0.0,0,2,87.88,73.0,Klarna,Sporting Goods
BNPL5204,Regular User,8,856.7,872.7,16.0,2,2,107.08,36.0,Afterpay,Beauty and Skincare
BNPL5205,Regular User,7,1179.56,1195.56,16.0,2,3,252.78,67.0,Paidy,Footwear
BNPL5206,Occasional User,3,205.77,205.77,0.0,0,1,34.3,100.0,Klarna,"Fast Fashion (Shein, Temu, ASOS)"
BNPL5207,Regular User,8,1177.22,1177.22,0.0,0,3,220.74,68.0,Klarna,Footwear
BNPL5208,Regular User,11,1872.59,1872.59,0.0,0,2,170.24,61.0,Klarna,Footwear
BNPL5209,Regular User,6,795.13,795.13,0.0,0,2,132.52,68.0,Klarna,Home and Furniture
BNPL5210,High Exposure User,17,2580.97,2692.97,112.0,14,5,379.6,30.0,Sezzle,Footwear
BNPL5211,Regular User,6,714.23,714.23,0.0,0,2,119.04,31.0,Afterpay,Beauty and Skincare
BNPL5212,Occasional User,2,363.74,363.74,0.0,0,1,90.94,82.0,Klarna,Home and Furniture
BNPL5213,High Exposure User,14,1891.78,1963.78,72.0,9,5,337.8,19.0,Afterpay,"Fast Fashion (Shein, Temu, ASOS)"
BNPL5214,Occasional User,1,265.96,265.96,0.0,0,1,132.98,85.0,PayBright,Home and Furniture
BNPL5215,Regular User,6,870.97,902.97,32.0,4,2,145.16,68.0,Sezzle,Home and Furniture
BNPL5216,Occasional User,1,415.18,415.18,0.0,0,1,207.6,83.0,Klarna,"Fast Fashion (Shein, Temu, ASOS)"
BNPL5217,Regular User,8,1178.76,1178.76,0.0,0,2,147.36,55.0,Sezzle,Electronics and Tech
BNPL5218,Regular User,8,1187.75,1219.75,32.0,4,2,148.48,53.0,Afterpay,Electronics and Tech
BNPL5219,Occasional User,2,431.67,431.67,0.0,0,1,107.92,72.0,Paidy,Home and Furniture
BNPL5220,Regular User,5,787.7,795.7,8.0,1,3,236.28,61.0,Afterpay,"Fast Fashion (Shein, Temu, ASOS)"
BNPL5221,High Exposure User,6,1019.23,1059.23,40.0,5,6,509.64,10.0,Afterpay,Sporting Goods
BNPL5222,Regular User,4,599.47,599.47,0.0,0,3,224.82,58.0,Afterpay,Home and Furniture
BNPL5223,Occasional User,3,178.33,178.33,0.0,0,1,29.72,85.0,Klarna,Beauty and Skincare
BNPL5224,Regular User,5,291.49,299.49,8.0,1,3,87.42,59.0,Afterpay,"Fast Fashion (Shein, Temu, ASOS)"
BNPL5225,Occasional User,1,207.22,207.22,0.0,0,1,103.6,100.0,Sezzle,Footwear
BNPL5226,High Exposure User,12,1867.12,1891.12,24.0,3,5,389.0,34.0,Sezzle,Home and Furniture
BNPL5227,Regular User,6,1279.74,1279.74,0.0,0,2,213.28,54.0,Klarna,Footwear
BNPL5228,Regular User,9,1423.94,1431.94,8.0,1,3,237.3,61.0,Afterpay,Sporting Goods
BNPL5229,Occasional User,2,359.73,359.73,0.0,0,1,89.94,100.0,Sezzle,Home and Furniture
BNPL5230,Regular User,7,818.97,834.97,16.0,2,3,175.5,58.0,Sezzle,Home and Furniture
BNPL5231,Occasional User,1,202.71,202.71,0.0,0,1,101.36,76.0,Klarna,Electronics and Tech
BNPL5232,Regular User,8,1316.43,1324.43,8.0,1,3,246.84,56.0,Afterpay,Electronics and Tech
BNPL5233,Regular User,6,1036.22,1044.22,8.0,1,3,259.08,43.0,Klarna,"Fast Fashion (Shein, Temu, ASOS)"
BNPL5234,Regular User,6,957.09,957.09,0.0,0,3,239.28,67.0,Sezzle,Footwear
BNPL5235,High Exposure User,12,1835.02,1883.02,48.0,6,5,382.3,37.0,Sezzle,Footwear
BNPL5236,Occasional User,1,29.12,29.12,0.0,0,1,14.56,91.0,Afterpay,"Fast Fashion (Shein, Temu, ASOS)"
BNPL5237,Regular User,6,546.87,570.87,24.0,3,2,91.16,50.0,Klarna,Home and Furniture
BNPL5238,Regular User,8,1241.8,1273.8,32.0,4,3,232.86,67.0,Sezzle,Electronics and Tech
BNPL5239,High Exposure User,16,2311.97,2343.97,32.0,4,5,361.2,29.0,Sezzle,Beauty and Skincare
BNPL5240,High Exposure User,18,2435.47,2531.47,96.0,12,6,405.96,40.0,Klarna,Footwear
BNPL5241,Occasional User,2,172.01,172.01,0.0,0,1,43.0,64.0,Afterpay,Electronics and Tech
BNPL5242,Occasional User,1,172.88,172.88,0.0,0,1,86.44,86.0,Sezzle,Electronics and Tech
BNPL5243,Regular User,8,875.86,891.86,16.0,2,2,109.48,60.0,Klarna,Electronics and Tech
BNPL5244,Occasional User,1,44.91,44.91,0.0,0,1,22.46,100.0,Klarna,Beauty and Skincare
BNPL5245,Occasional User,1,47.82,47.82,0.0,0,1,23.92,76.0,Klarna,"Fast Fashion (Shein, Temu, ASOS)"
BNPL5246,Occasional User,2,149.27,149.27,0.0,0,1,37.32,75.0,PayBright,Footwear
BNPL5247,Regular User,8,1120.54,1120.54,0.0,0,2,140.08,77.0,Klarna,"Fast Fashion (Shein, Temu, ASOS)"
BNPL5248,High Exposure User,16,3400.47,3456.47,56.0,7,6,637.56,28.0,Paidy,Home and Furniture
BNPL5249,Occasional User,2,443.55,443.55,0.0,0,1,110.88,83.0,Afterpay,Beauty and Skincare
BNPL5250,Regular User,7,1215.61,1223.61,8.0,1,2,173.64,66.0,PayBright,Sporting Goods
BNPL5251,High Exposure User,8,1454.0,1486.0,32.0,4,6,545.28,17.0,Klarna,Footwear
BNPL5252,Regular User,7,1538.49,1562.49,24.0,3,2,219.8,48.0,Afterpay,"Fast Fashion (Shein, Temu, ASOS)"
BNPL5253,Occasional User,1,64.52,64.52,0.0,0,1,32.26,100.0,PayBright,"Fast Fashion (Shein, Temu, ASOS)"
BNPL5254,Regular User,8,1489.49,1505.49,16.0,2,3,279.3,33.0,Klarna,Footwear
BNPL5255,Regular User,7,1125.68,1141.68,16.0,2,3,241.2,61.0,PayBright,Home and Furniture
BNPL5256,Occasional User,3,514.11,514.11,0.0,0,1,85.68,100.0,Afterpay,Beauty and Skincare
BNPL5257,Regular User,7,1808.99,1808.99,0.0,0,2,258.44,62.0,Afterpay,Sporting Goods
BNPL5258,Occasional User,1,215.14,215.14,0.0,0,1,107.56,83.0,Afterpay,Footwear
BNPL5259,Occasional User,1,56.28,56.28,0.0,0,1,28.14,86.0,Afterpay,Beauty and Skincare
BNPL5260,High Exposure User,21,2616.19,2672.19,56.0,7,5,311.5,20.0,Afterpay,Electronics and Tech
BNPL5261,High Exposure User,15,2306.92,2362.92,56.0,7,5,384.5,33.0,Afterpay,Beauty and Skincare
BNPL5262,High Exposure User,9,1359.06,1375.06,16.0,2,5,377.5,42.0,Sezzle,Beauty and Skincare
BNPL5263,Regular User,6,770.87,770.87,0.0,0,3,192.72,57.0,Paidy,Sporting Goods
BNPL5264,Occasional User,1,98.85,98.85,0.0,0,1,49.42,63.0,Sezzle,Sporting Goods
BNPL5265,Regular User,3,422.1,438.1,16.0,2,3,211.08,69.0,Paidy,Footwear
BNPL5266,Occasional User,2,160.67,160.67,0.0,0,1,40.16,71.0,Klarna,Electronics and Tech
BNPL5267,High Exposure User,7,972.01,972.01,0.0,0,5,347.1,31.0,Klarna,Sporting Goods
BNPL5268,Occasional User,3,713.62,713.62,0.0,0,1,118.94,100.0,Sezzle,Electronics and Tech
BNPL5269,High Exposure User,14,2383.62,2439.62,56.0,7,5,425.6,31.0,Sezzle,Electronics and Tech
BNPL5270,Occasional User,1,186.28,186.28,0.0,0,1,93.14,79.0,Afterpay,Footwear
BNPL5271,Regular User,8,1073.54,1081.54,8.0,1,2,134.2,47.0,Afterpay,Sporting Goods
BNPL5272,Occasional User,2,375.26,375.26,0.0,0,1,93.82,100.0,Afterpay,Electronics and Tech
BNPL5273,Occasional User,1,265.58,265.58,0.0,0,1,132.78,78.0,Sezzle,Electronics and Tech
BNPL5274,Regular User,12,1493.77,1525.77,32.0,4,4,248.96,56.0,Afterpay,Beauty and Skincare
BNPL5275,Occasional User,1,279.81,279.81,0.0,0,1,139.9,76.0,PayBright,"Fast Fashion (Shein, Temu, ASOS)"
BNPL5276,Regular User,8,1488.42,1520.42,32.0,4,2,186.04,70.0,Klarna,Home and Furniture
BNPL5277,Occasional User,1,468.38,468.38,0.0,0,1,234.18,100.0,Sezzle,Electronics and Tech
BNPL5278,High Exposure User,13,2284.79,2324.79,40.0,5,5,439.4,41.0,PayBright,"Fast Fashion (Shein, Temu, ASOS)"
BNPL5279,Occasional User,2,424.42,424.42,0.0,0,1,106.1,85.0,Klarna,Footwear
BNPL5280,High Exposure User,12,1690.16,1746.16,56.0,7,7,492.94,30.0,Sezzle,Home and Furniture
BNPL5281,Occasional User,1,169.79,169.79,0.0,0,1,84.9,100.0,PayBright,Footwear
BNPL5282,Occasional User,1,72.54,72.54,0.0,0,1,36.28,73.0,Klarna,Home and Furniture
BNPL5283,Regular User,9,1039.86,1071.86,32.0,4,3,173.34,24.0,Afterpay,Electronics and Tech
BNPL5284,Occasional User,3,620.01,620.01,0.0,0,1,103.34,91.0,Klarna,Electronics and Tech
BNPL5285,Regular User,4,601.12,617.12,16.0,2,3,225.42,34.0,Paidy,"Fast Fashion (Shein, Temu, ASOS)"
BNPL5286,High Exposure User,15,1741.98,1781.98,40.0,5,5,290.3,49.0,Afterpay,Home and Furniture
BNPL5287,Occasional User,3,407.53,407.53,0.0,0,1,67.92,88.0,Klarna,Electronics and Tech
BNPL5288,Regular User,7,943.93,959.93,16.0,2,2,134.84,43.0,Klarna,Footwear
BNPL5289,Regular User,9,1133.71,1133.71,0.0,0,2,125.96,55.0,Afterpay,Home and Furniture
BNPL5290,Occasional User,2,139.8,139.8,0.0,0,1,34.96,71.0,Afterpay,Sporting Goods
BNPL5291,High Exposure User,12,2242.88,2298.88,56.0,7,5,467.3,38.0,PayBright,Electronics and Tech
BNPL5292,Occasional User,1,65.93,65.93,0.0,0,1,32.96,75.0,Klarna,"Fast Fashion (Shein, Temu, ASOS)"
BNPL5293,Occasional User,2,185.68,185.68,0.0,0,1,46.42,100.0,Klarna,Footwear
BNPL5294,Regular User,3,541.6,541.6,0.0,0,2,180.52,43.0,Klarna,Sporting Goods
BNPL5295,Occasional User,1,73.23,73.23,0.0,0,1,36.62,63.0,Sezzle,Sporting Goods
BNPL5296,High Exposure User,11,1200.68,1248.68,48.0,6,6,327.48,25.0,Klarna,Beauty and Skincare
BNPL5297,Occasional User,2,351.04,351.04,0.0,0,1,87.76,83.0,Klarna,Sporting Goods
BNPL5298,Regular User,4,301.2,301.2,0.0,0,3,112.92,49.0,PayBright,Home and Furniture
BNPL5299,Occasional User,1,65.07,65.07,0.0,0,1,32.54,83.0,Sezzle,Home and Furniture
BNPL5300,High Exposure User,10,1343.97,1391.97,48.0,6,5,336.0,38.0,Klarna,Sporting Goods
BNPL5301,High Exposure User,18,3405.57,3485.57,80.0,10,6,567.6,18.0,Klarna,Beauty and Skincare
BNPL5302,Regular User,8,1536.32,1568.32,32.0,4,3,288.06,55.0,PayBright,Beauty and Skincare
BNPL5303,Regular User,9,1554.61,1570.61,16.0,2,3,259.08,48.0,Afterpay,Sporting Goods
BNPL5304,Regular User,8,973.26,989.26,16.0,2,2,121.64,63.0,PayBright,Sporting Goods
BNPL5305,Regular User,8,1284.7,1300.7,16.0,2,3,240.9,52.0,Klarna,Sporting Goods
BNPL5306,Occasional User,1,248.91,248.91,0.0,0,1,124.46,75.0,Klarna,Sporting Goods
BNPL5307,Regular User,6,650.29,650.29,0.0,0,3,162.6,43.0,Afterpay,"Fast Fashion (Shein, Temu, ASOS)"
BNPL5308,Regular User,8,1475.36,1491.36,16.0,2,2,184.4,64.0,Paidy,Beauty and Skincare
BNPL5309,Regular User,8,892.14,892.14,0.0,0,3,167.28,61.0,PayBright,Sporting Goods
BNPL5310,Regular User,10,1530.2,1530.2,0.0,0,2,153.04,40.0,Sezzle,"Fast Fashion (Shein, Temu, ASOS)"
BNPL5311,Regular User,7,1237.3,1253.3,16.0,2,2,176.76,53.0,Sezzle,Sporting Goods
BNPL5312,Occasional User,1,108.05,108.05,0.0,0,1,54.02,98.0,Paidy,Home and Furniture
BNPL5313,Regular User,6,739.42,771.42,32.0,4,3,184.86,80.0,Afterpay,"Fast Fashion (Shein, Temu, ASOS)"
BNPL5314,High Exposure User,15,1906.58,1922.58,16.0,2,6,381.36,30.0,Afterpay,Electronics and Tech
BNPL5315,Occasional User,2,398.21,398.21,0.0,0,1,99.56,83.0,Sezzle,Sporting Goods
BNPL5316,High Exposure User,14,1852.02,1900.02,48.0,6,5,330.7,34.0,Afterpay,Electronics and Tech
BNPL5317,Regular User,5,768.71,792.71,24.0,3,3,230.64,38.0,Afterpay,Sporting Goods
BNPL5318,Regular User,5,501.65,501.65,0.0,0,2,100.32,50.0,Sezzle,Home and Furniture
BNPL5319,Occasional User,2,176.45,176.45,0.0,0,1,44.12,88.0,Afterpay,Footwear
BNPL5320,Occasional User,2,379.92,379.92,0.0,0,1,94.98,82.0,Klarna,Footwear
BNPL5321,High Exposure User,15,2461.64,2525.64,64.0,8,6,492.36,19.0,Paidy,Beauty and Skincare
BNPL5322,Regular User,6,1093.9,1109.9,16.0,2,3,273.48,64.0,Klarna,Footwear
BNPL5323,Regular User,7,1275.01,1307.01,32.0,4,3,273.24,84.0,Afterpay,"Fast Fashion (Shein, Temu, ASOS)"
BNPL5324,High Exposure User,18,3064.93,3072.93,8.0,1,5,425.7,30.0,Klarna,Home and Furniture
BNPL5325,Regular User,4,332.84,356.84,24.0,3,3,124.8,33.0,PayBright,"Fast Fashion (Shein, Temu, ASOS)"
BNPL5326,Regular User,9,757.67,773.67,16.0,2,2,84.2,56.0,Klarna,"Fast Fashion (Shein, Temu, ASOS)"
BNPL5327,Regular User,8,967.69,983.69,16.0,2,2,120.96,50.0,Afterpay,Sporting Goods
BNPL5328,Regular User,6,663.91,671.91,8.0,1,2,110.64,69.0,PayBright,Beauty and Skincare
BNPL5329,Occasional User,2,367.27,367.27,0.0,0,1,91.82,87.0,Afterpay,Beauty and Skincare
BNPL5330,Occasional User,2,459.09,459.09,0.0,0,1,114.78,100.0,Klarna,"Fast Fashion (Shein, Temu, ASOS)"
BNPL5331,High Exposure User,11,2135.25,2167.25,32.0,4,6,582.36,33.0,Klarna,Footwear
BNPL5332,Regular User,5,997.79,997.79,0.0,0,2,199.56,54.0,Klarna,Sporting Goods
BNPL5333,Regular User,8,996.82,1012.82,16.0,2,3,186.9,53.0,Afterpay,Beauty and Skincare
BNPL5334,Occasional User,1,192.02,192.02,0.0,0,1,96.02,89.0,Klarna,Beauty and Skincare
BNPL5335,Regular User,6,368.04,376.04,8.0,1,2,61.32,74.0,Afterpay,Sporting Goods
BNPL5336,Occasional User,2,164.24,164.24,0.0,0,1,41.06,90.0,Klarna,"Fast Fashion (Shein, Temu, ASOS)"
BNPL5337,High Exposure User,15,1772.17,1812.17,40.0,5,6,354.48,41.0,PayBright,Home and Furniture
BNPL5338,Regular User,5,949.41,949.41,0.0,0,2,189.88,50.0,Afterpay,Footwear
BNPL5339,High Exposure User,17,2564.72,2604.72,40.0,5,5,377.2,13.0,Afterpay,Footwear
BNPL5340,Regular User,7,684.64,684.64,0.0,0,2,97.8,60.0,Afterpay,Sporting Goods
BNPL5341,Regular User,6,883.81,891.81,8.0,1,2,147.32,66.0,PayBright,Footwear
BNPL5342,Regular User,8,1191.3,1191.3,0.0,0,3,223.38,40.0,Paidy,Sporting Goods
BNPL5343,High Exposure User,9,1050.23,1082.23,32.0,4,7,408.38,23.0,Sezzle,Home and Furniture
BNPL5344,Occasional User,3,482.56,482.56,0.0,0,1,80.42,98.0,PayBright,Footwear
BNPL5345,Regular User,6,1184.63,1184.63,0.0,0,2,197.44,65.0,Sezzle,Footwear
BNPL5346,High Exposure User,14,2393.01,2417.01,24.0,3,5,427.3,34.0,Klarna,Sporting Goods
BNPL5347,High Exposure User,11,1629.24,1717.24,88.0,11,6,444.36,23.0,Paidy,Home and Furniture
BNPL5348,Regular User,3,388.15,388.15,0.0,0,2,129.4,59.0,Afterpay,Footwear
BNPL5349,High Exposure User,9,1783.7,1815.7,32.0,4,6,594.6,36.0,Klarna,Beauty and Skincare
BNPL5350,Regular User,5,397.63,397.63,0.0,0,2,79.52,77.0,Afterpay,"Fast Fashion (Shein, Temu, ASOS)"
BNPL5351,Regular User,4,499.1,499.1,0.0,0,3,187.14,63.0,Paidy,Sporting Goods
BNPL5352,Occasional User,1,267.8,267.8,0.0,0,1,133.9,97.0,PayBright,Electronics and Tech
BNPL5353,Regular User,10,1468.63,1484.63,16.0,2,3,220.32,43.0,Afterpay,Beauty and Skincare
BNPL5354,Occasional User,4,731.74,731.74,0.0,0,1,91.46,72.0,Sezzle,Sporting Goods
BNPL5355,Occasional User,2,653.16,653.16,0.0,0,1,163.3,100.0,Afterpay,Beauty and Skincare
BNPL5356,Occasional User,3,427.88,427.88,0.0,0,1,71.32,100.0,Afterpay,Home and Furniture
BNPL5357,High Exposure User,14,1928.63,2000.63,72.0,9,4,275.52,28.0,Paidy,Sporting Goods
BNPL5358,Occasional User,2,104.06,104.06,0.0,0,1,26.02,87.0,Afterpay,Electronics and Tech
BNPL5359,Occasional User,2,515.4,515.4,0.0,0,1,128.84,87.0,Sezzle,Footwear
BNPL5360,Regular User,9,1234.73,1250.73,16.0,2,3,205.8,69.0,Afterpay,Sporting Goods
BNPL5361,Occasional User,2,199.26,199.26,0.0,0,1,49.82,88.0,Afterpay,Home and Furniture
BNPL5362,Regular User,6,890.08,890.08,0.0,0,3,222.54,57.0,Afterpay,Home and Furniture
BNPL5363,Occasional User,3,400.42,400.42,0.0,0,2,133.48,78.0,Klarna,"Fast Fashion (Shein, Temu, ASOS)"
BNPL5364,Occasional User,1,217.16,217.16,0.0,0,1,108.58,71.0,Klarna,"Fast Fashion (Shein, Temu, ASOS)"
BNPL5365,Occasional User,2,185.86,185.86,0.0,0,1,46.46,88.0,Afterpay,"Fast Fashion (Shein, Temu, ASOS)"
BNPL5366,High Exposure User,15,2369.5,2369.5,0.0,0,6,473.88,25.0,Klarna,Beauty and Skincare
BNPL5367,Occasional User,1,176.11,176.11,0.0,0,2,176.12,80.0,Sezzle,Electronics and Tech
BNPL5368,High Exposure User,13,2107.28,2131.28,24.0,3,6,486.24,30.0,Klarna,Electronics and Tech
BNPL5369,Occasional User,1,312.25,328.25,16.0,2,1,156.12,79.0,Afterpay,Beauty and Skincare
BNPL5370,Regular User,7,1147.09,1155.09,8.0,1,2,163.88,49.0,Paidy,Footwear
BNPL5371,Regular User,6,1229.4,1237.4,8.0,1,3,307.38,63.0,Klarna,Footwear
BNPL5372,Regular User,3,265.52,265.52,0.0,0,2,88.52,41.0,Sezzle,Beauty and Skincare
BNPL5373,Occasional User,2,460.84,460.84,0.0,0,1,115.2,95.0,Sezzle,Sporting Goods
BNPL5374,Regular User,5,747.74,747.74,0.0,0,2,149.56,52.0,Afterpay,Footwear
BNPL5375,Regular User,6,546.64,554.64,8.0,1,3,136.68,67.0,Klarna,Sporting Goods
BNPL5376,Regular User,5,1020.07,1020.07,0.0,0,2,204.0,46.0,Klarna,Footwear
BNPL5377,Occasional User,2,259.24,259.24,0.0,0,1,64.82,100.0,Afterpay,Electronics and Tech
BNPL5378,High Exposure User,20,2798.71,2830.71,32.0,4,6,419.76,17.0,Afterpay,Footwear
BNPL5379,High Exposure User,13,1641.17,1681.17,40.0,5,7,441.84,14.0,Sezzle,"Fast Fashion (Shein, Temu, ASOS)"
BNPL5380,Regular User,7,1283.92,1291.92,8.0,1,3,275.1,73.0,Klarna,"Fast Fashion (Shein, Temu, ASOS)"
BNPL5381,Regular User,4,331.93,339.93,8.0,1,3,124.5,88.0,PayBright,Home and Furniture
BNPL5382,Occasional User,2,347.7,347.7,0.0,0,1,86.92,89.0,Sezzle,Beauty and Skincare
BNPL5383,High Exposure User,8,1231.6,1279.6,48.0,6,5,384.9,31.0,Afterpay,Home and Furniture
BNPL5384,Occasional User,1,58.92,58.92,0.0,0,1,29.46,81.0,Sezzle,Sporting Goods
BNPL5385,Regular User,8,1188.45,1204.45,16.0,2,2,148.56,58.0,Paidy,Footwear
BNPL5386,Occasional User,1,110.18,110.18,0.0,0,1,55.1,83.0,Klarna,"Fast Fashion (Shein, Temu, ASOS)"
BNPL5387,Occasional User,2,390.47,390.47,0.0,0,1,97.62,88.0,Afterpay,"Fast Fashion (Shein, Temu, ASOS)"
BNPL5388,Regular User,10,1466.79,1466.79,0.0,0,3,220.02,78.0,Klarna,Sporting Goods
BNPL5389,Regular User,6,640.23,664.23,24.0,3,3,160.08,82.0,Klarna,"Fast Fashion (Shein, Temu, ASOS)"
BNPL5390,High Exposure User,15,1742.3,1806.3,64.0,8,6,348.48,23.0,Sezzle,Sporting Goods
BNPL5391,High Exposure User,8,832.51,856.51,24.0,3,6,312.24,25.0,Afterpay,Home and Furniture
BNPL5392,Occasional User,1,98.91,98.91,0.0,0,1,49.46,96.0,PayBright,Sporting Goods
BNPL5393,Regular User,8,832.55,848.55,16.0,2,3,156.12,43.0,PayBright,Sporting Goods
BNPL5394,High Exposure User,15,2339.03,2411.03,72.0,9,5,389.8,27.0,Afterpay,Beauty and Skincare
BNPL5395,High Exposure User,9,1020.66,1036.66,16.0,2,6,340.2,31.0,Klarna,Footwear
BNPL5396,High Exposure User,16,3215.25,3263.25,48.0,6,5,502.4,52.0,Afterpay,"Fast Fashion (Shein, Temu, ASOS)"
BNPL5397,Regular User,6,957.84,973.84,16.0,2,2,159.64,63.0,Sezzle,Sporting Goods
BNPL5398,High Exposure User,14,1907.49,1971.49,64.0,8,6,408.72,35.0,Klarna,"Fast Fashion (Shein, Temu, ASOS)"
BNPL5399,Occasional User,1,62.98,62.98,0.0,0,1,31.48,100.0,Afterpay,Beauty and Skincare
BNPL5400,High Exposure User,20,3296.95,3376.95,80.0,10,6,494.52,13.0,Afterpay,Sporting Goods
BNPL5401,Regular User,9,958.23,990.23,32.0,4,3,159.72,50.0,Paidy,Beauty and Skincare
BNPL5402,High Exposure User,15,1972.92,1996.92,24.0,3,6,394.56,32.0,PayBright,Footwear
BNPL5403,Occasional User,3,308.18,308.18,0.0,0,1,51.36,66.0,Paidy,"Fast Fashion (Shein, Temu, ASOS)"
BNPL5404,Occasional User,1,285.59,293.59,8.0,1,1,142.8,100.0,Sezzle,Home and Furniture
BNPL5405,Regular User,2,129.8,129.8,0.0,0,1,32.46,75.0,Klarna,Footwear
BNPL5406,Occasional User,3,480.68,480.68,0.0,0,1,80.12,89.0,Klarna,"Fast Fashion (Shein, Temu, ASOS)"
BNPL5407,High Exposure User,16,2513.48,2569.48,56.0,7,5,392.7,22.0,Sezzle,Footwear
BNPL5408,Occasional User,2,313.33,313.33,0.0,0,1,78.34,98.0,Klarna,Beauty and Skincare
BNPL5409,Occasional User,2,86.28,86.28,0.0,0,1,21.58,83.0,Afterpay,Sporting Goods
BNPL5410,Occasional User,2,143.1,143.1,0.0,0,1,35.78,94.0,Paidy,Beauty and Skincare
BNPL5411,Occasional User,2,493.88,493.88,0.0,0,1,123.46,82.0,Afterpay,Home and Furniture
BNPL5412,Occasional User,2,221.62,221.62,0.0,0,1,55.4,96.0,Afterpay,Sporting Goods
BNPL5413,Occasional User,1,54.87,54.87,0.0,0,1,27.44,94.0,Afterpay,Electronics and Tech
BNPL5414,Regular User,1,136.77,136.77,0.0,0,1,68.38,58.0,Afterpay,Home and Furniture
BNPL5415,High Exposure User,13,2179.78,2243.78,64.0,8,6,503.04,10.0,PayBright,Sporting Goods
BNPL5416,Occasional User,2,139.64,139.64,0.0,0,1,34.9,77.0,Klarna,Sporting Goods
BNPL5417,Regular User,6,891.88,891.88,0.0,0,2,148.64,66.0,PayBright,Beauty and Skincare
BNPL5418,Occasional User,1,56.15,56.15,0.0,0,1,28.08,88.0,Afterpay,Footwear
BNPL5419,Regular User,9,1037.3,1037.3,0.0,0,3,172.86,55.0,Afterpay,Electronics and Tech
BNPL5420,Occasional User,1,49.05,49.05,0.0,0,1,24.52,80.0,Klarna,Beauty and Skincare
BNPL5421,Occasional User,2,146.35,146.35,0.0,0,1,36.58,72.0,Klarna,Home and Furniture
BNPL5422,Occasional User,3,200.34,200.34,0.0,0,1,33.38,94.0,Klarna,Sporting Goods
BNPL5423,High Exposure User,16,2113.28,2193.28,80.0,10,6,396.24,37.0,Klarna,Sporting Goods
BNPL5424,Occasional User,2,249.25,249.25,0.0,0,1,62.32,67.0,Klarna,Home and Furniture
BNPL5425,Regular User,8,693.4,709.4,16.0,2,2,86.68,52.0,Afterpay,"Fast Fashion (Shein, Temu, ASOS)"
BNPL5426,Regular User,5,480.24,488.24,8.0,1,2,96.04,71.0,Sezzle,Footwear
BNPL5427,High Exposure User,10,845.07,893.07,48.0,6,6,253.56,47.0,Klarna,Beauty and Skincare
BNPL5428,Occasional User,3,433.16,433.16,0.0,0,1,72.2,82.0,Afterpay,Footwear
BNPL5429,Occasional User,1,105.92,105.92,0.0,0,1,52.96,76.0,Klarna,Home and Furniture
BNPL5430,Regular User,9,964.82,988.82,24.0,3,3,160.8,44.0,Paidy,Home and Furniture
BNPL5431,Regular User,5,649.13,649.13,0.0,0,2,129.84,81.0,Afterpay,Electronics and Tech
BNPL5432,High Exposure User,10,1084.16,1116.16,32.0,4,6,325.2,19.0,Klarna,Home and Furniture
BNPL5433,Occasional User,2,389.05,389.05,0.0,0,1,97.26,88.0,Afterpay,Sporting Goods
BNPL5434,Regular User,5,974.91,990.91,16.0,2,3,292.5,55.0,Sezzle,"Fast Fashion (Shein, Temu, ASOS)"
BNPL5435,High Exposure User,15,2040.05,2048.05,8.0,1,6,408.0,23.0,Sezzle,Home and Furniture
BNPL5436,Regular User,7,634.12,642.12,8.0,1,1,45.3,70.0,Klarna,"Fast Fashion (Shein, Temu, ASOS)"
BNPL5437,Regular User,3,496.12,512.12,16.0,2,2,165.36,71.0,Sezzle,Beauty and Skincare
BNPL5438,High Exposure User,19,1968.9,2072.9,104.0,13,5,259.1,25.0,Afterpay,Sporting Goods
BNPL5439,Regular User,5,742.34,750.34,8.0,1,3,222.72,75.0,PayBright,Electronics and Tech
BNPL5440,Occasional User,2,193.62,193.62,0.0,0,1,48.4,72.0,Klarna,Beauty and Skincare
BNPL5441,Regular User,4,591.55,599.55,8.0,1,2,147.88,65.0,Afterpay,"Fast Fashion (Shein, Temu, ASOS)"
BNPL5442,High Exposure User,12,1747.09,1803.09,56.0,7,6,436.8,49.0,Afterpay,Electronics and Tech
BNPL5443,Occasional User,1,63.15,63.15,0.0,0,2,63.16,100.0,Afterpay,Electronics and Tech
BNPL5444,High Exposure User,19,2816.34,2856.34,40.0,5,7,518.84,27.0,Afterpay,Footwear
BNPL5445,Occasional User,1,64.18,64.18,0.0,0,1,32.1,78.0,Afterpay,Footwear
BNPL5446,Regular User,3,643.6,643.6,0.0,0,3,321.78,71.0,Afterpay,Home and Furniture
BNPL5447,Occasional User,2,736.57,736.57,0.0,0,1,184.14,89.0,Paidy,"Fast Fashion (Shein, Temu, ASOS)"
BNPL5448,High Exposure User,13,1804.62,1820.62,16.0,2,5,347.0,17.0,Klarna,Footwear
BNPL5449,Regular User,4,692.2,692.2,0.0,0,2,173.04,61.0,Afterpay,Beauty and Skincare
BNPL5450,Occasional User,4,506.26,506.26,0.0,0,1,63.28,97.0,Paidy,Footwear
BNPL5451,Occasional User,2,292.43,292.43,0.0,0,1,73.1,90.0,Afterpay,"Fast Fashion (Shein, Temu, ASOS)"
BNPL5452,Occasional User,1,75.1,75.1,0.0,0,1,37.54,88.0,Sezzle,"Fast Fashion (Shein, Temu, ASOS)"
BNPL5453,Regular User,6,546.93,554.93,8.0,1,3,136.74,47.0,Afterpay,Electronics and Tech
BNPL5454,Regular User,10,1599.68,1615.68,16.0,2,3,239.94,83.0,Paidy,"Fast Fashion (Shein, Temu, ASOS)"
BNPL5455,Occasional User,2,487.69,487.69,0.0,0,1,121.92,83.0,Afterpay,"Fast Fashion (Shein, Temu, ASOS)"
BNPL5456,High Exposure User,11,1516.32,1556.32,40.0,5,5,344.6,26.0,Klarna,Footwear
BNPL5457,Occasional User,1,66.77,82.77,16.0,2,1,33.38,100.0,Afterpay,Electronics and Tech
BNPL5458,Regular User,7,626.06,626.06,0.0,0,2,89.44,72.0,Afterpay,Sporting Goods
BNPL5459,Occasional User,2,413.13,413.13,0.0,0,1,103.28,84.0,Sezzle,Sporting Goods
BNPL5460,Occasional User,2,529.73,529.73,0.0,0,1,132.44,66.0,Paidy,Home and Furniture
BNPL5461,Regular User,7,990.15,1014.15,24.0,3,2,141.44,77.0,Sezzle,Electronics and Tech
BNPL5462,Occasional User,2,99.74,99.74,0.0,0,1,24.94,86.0,Afterpay,Electronics and Tech
BNPL5463,Occasional User,2,355.26,355.26,0.0,0,1,88.82,77.0,PayBright,Sporting Goods
BNPL5464,High Exposure User,11,1498.92,1562.92,64.0,8,5,340.7,36.0,Afterpay,Footwear
BNPL5465,Occasional User,1,79.56,79.56,0.0,0,1,39.78,100.0,Afterpay,Footwear
BNPL5466,Regular User,9,1372.34,1380.34,8.0,1,3,228.72,79.0,Afterpay,Sporting Goods
BNPL5467,High Exposure User,6,1143.34,1167.34,24.0,3,5,476.4,31.0,Sezzle,Footwear
BNPL5468,High Exposure User,18,2471.76,2559.76,88.0,11,5,343.3,48.0,Afterpay,"Fast Fashion (Shein, Temu, ASOS)"
BNPL5469,Regular User,6,468.26,492.26,24.0,3,2,78.04,60.0,Klarna,"Fast Fashion (Shein, Temu, ASOS)"
BNPL5470,Occasional User,1,259.63,259.63,0.0,0,1,129.82,78.0,Afterpay,Footwear
BNPL5471,Occasional User,1,281.31,281.31,0.0,0,1,140.66,94.0,Afterpay,Electronics and Tech
BNPL5472,High Exposure User,18,4152.19,4208.19,56.0,7,7,807.38,56.0,Sezzle,Beauty and Skincare
BNPL5473,Regular User,6,586.32,610.32,24.0,3,3,146.58,69.0,Klarna,Electronics and Tech
BNPL5474,Occasional User,1,196.86,196.86,0.0,0,1,98.44,93.0,Klarna,Beauty and Skincare
BNPL5475,Regular User,9,1690.35,1730.35,40.0,5,2,187.8,66.0,PayBright,Footwear
BNPL5476,Regular User,9,1438.87,1454.87,16.0,2,2,159.88,49.0,Afterpay,Home and Furniture
BNPL5477,High Exposure User,10,1098.79,1178.79,80.0,10,6,329.64,41.0,Klarna,Sporting Goods
BNPL5478,Occasional User,1,346.7,346.7,0.0,0,1,173.34,88.0,Klarna,"Fast Fashion (Shein, Temu, ASOS)"
BNPL5479,Occasional User,1,44.63,44.63,0.0,0,1,22.32,91.0,Afterpay,Electronics and Tech
BNPL5480,Occasional User,1,77.98,77.98,0.0,0,1,39.0,74.0,Sezzle,Electronics and Tech
BNPL5481,Occasional User,1,53.2,53.2,0.0,0,1,26.6,96.0,PayBright,Home and Furniture
BNPL5482,Occasional User,2,112.56,112.56,0.0,0,1,28.14,99.0,Sezzle,Sporting Goods
BNPL5483,Regular User,8,959.77,967.77,8.0,1,4,239.92,31.0,Afterpay,Electronics and Tech
BNPL5484,Occasional User,1,56.27,56.27,0.0,0,1,28.14,87.0,Klarna,Sporting Goods
BNPL5485,Occasional User,2,212.02,212.02,0.0,0,1,53.0,82.0,Klarna,Beauty and Skincare
BNPL5486,Occasional User,1,146.78,146.78,0.0,0,1,73.4,90.0,Afterpay,Electronics and Tech
BNPL5487,Regular User,6,1016.5,1032.5,16.0,2,3,254.1,54.0,Afterpay,Beauty and Skincare
BNPL5488,Regular User,3,435.35,435.35,0.0,0,3,217.68,83.0,Paidy,Electronics and Tech
BNPL5489,High Exposure User,14,2321.07,2345.07,24.0,3,6,497.4,30.0,Sezzle,Sporting Goods
BNPL5490,Occasional User,2,204.58,204.58,0.0,0,2,102.28,100.0,Afterpay,Beauty and Skincare
BNPL5491,Regular User,6,1590.76,1590.76,0.0,0,3,397.68,53.0,Sezzle,Home and Furniture
BNPL5492,Regular User,2,164.68,164.68,0.0,0,1,41.18,80.0,Afterpay,Footwear
BNPL5493,Regular User,7,1119.3,1135.3,16.0,2,2,159.92,63.0,Paidy,Sporting Goods
BNPL5494,Occasional User,1,184.54,184.54,0.0,0,1,92.26,100.0,Sezzle,Sporting Goods
BNPL5495,Occasional User,2,177.17,177.17,0.0,0,1,44.3,71.0,Klarna,Electronics and Tech
BNPL5496,Regular User,5,550.54,550.54,0.0,0,3,165.18,60.0,Paidy,Home and Furniture
BNPL5497,Regular User,5,325.15,325.15,0.0,0,2,65.04,57.0,Afterpay,"Fast Fashion (Shein, Temu, ASOS)"
BNPL5498,Regular User,9,1592.53,1592.53,0.0,0,2,176.96,76.0,Sezzle,Home and Furniture
BNPL5499,High Exposure User,12,1281.97,1305.97,24.0,3,5,267.1,41.0,Afterpay,"Fast Fashion (Shein, Temu, ASOS)"
BNPL5500,Occasional User,2,268.09,268.09,0.0,0,1,67.02,78.0,Sezzle,"Fast Fashion (Shein, Temu, ASOS)"
BNPL5501,Regular User,6,883.24,891.24,8.0,1,2,147.2,70.0,Sezzle,Footwear
BNPL5502,Occasional User,2,360.31,360.31,0.0,0,1,90.08,96.0,Afterpay,"Fast Fashion (Shein, Temu, ASOS)"
BNPL5503,Regular User,5,388.28,388.28,0.0,0,2,77.64,63.0,Sezzle,Sporting Goods
BNPL5504,Regular User,6,1111.45,1111.45,0.0,0,2,185.24,70.0,Afterpay,Electronics and Tech
BNPL5505,High Exposure User,13,1450.08,1466.08,16.0,2,5,278.9,25.0,Sezzle,Beauty and Skincare
BNPL5506,High Exposure User,18,2141.22,2173.22,32.0,4,5,297.4,49.0,Afterpay,"Fast Fashion (Shein, Temu, ASOS)"
BNPL5507,High Exposure User,11,1465.9,1497.9,32.0,4,5,333.2,56.0,Klarna,Footwear
BNPL5508,High Exposure User,13,2001.6,2033.6,32.0,4,6,461.88,44.0,Afterpay,Electronics and Tech
BNPL5509,Occasional User,1,120.47,120.47,0.0,0,1,60.24,95.0,Paidy,Footwear
BNPL5510,Occasional User,1,171.16,171.16,0.0,0,1,85.58,65.0,Klarna,Sporting Goods
BNPL5511,High Exposure User,15,2628.53,2684.53,56.0,7,6,525.72,58.0,Sezzle,Electronics and Tech
BNPL5512,Regular User,7,1246.5,1246.5,0.0,0,3,267.12,74.0,Klarna,Sporting Goods
BNPL5513,Regular User,7,1011.7,1011.7,0.0,0,3,216.78,66.0,Afterpay,"Fast Fashion (Shein, Temu, ASOS)"
BNPL5514,High Exposure User,14,2449.4,2505.4,56.0,7,5,437.4,29.0,Sezzle,Footwear
BNPL5515,High Exposure User,15,2201.37,2225.37,24.0,3,5,366.9,37.0,Afterpay,Footwear
BNPL5516,Occasional User,1,53.03,53.03,0.0,0,1,26.52,83.0,Klarna,Electronics and Tech
BNPL5517,Occasional User,3,213.81,213.81,0.0,0,1,35.64,99.0,Klarna,Beauty and Skincare
BNPL5518,Occasional User,1,54.57,54.57,0.0,0,1,27.28,85.0,Afterpay,Electronics and Tech
BNPL5519,Occasional User,2,405.04,405.04,0.0,0,1,101.26,88.0,Sezzle,Beauty and Skincare
BNPL5520,Regular User,6,1840.18,1856.18,16.0,2,2,306.68,83.0,Paidy,Home and Furniture
BNPL5521,Occasional User,1,426.46,426.46,0.0,0,1,213.22,90.0,Sezzle,Electronics and Tech
BNPL5522,High Exposure User,10,1159.13,1215.13,56.0,7,5,289.8,35.0,Afterpay,Sporting Goods
BNPL5523,Regular User,3,196.32,196.32,0.0,0,3,98.16,65.0,Sezzle,Footwear
BNPL5524,Occasional User,1,44.99,44.99,0.0,0,1,22.5,87.0,Klarna,"Fast Fashion (Shein, Temu, ASOS)"
BNPL5525,High Exposure User,14,2074.26,2138.26,64.0,8,6,444.48,40.0,PayBright,Sporting Goods
BNPL5526,Regular User,6,878.19,894.19,16.0,2,2,146.36,71.0,Klarna,"Fast Fashion (Shein, Temu, ASOS)"
BNPL5527,Occasional User,2,392.66,392.66,0.0,0,1,98.16,81.0,Klarna,"Fast Fashion (Shein, Temu, ASOS)"
BNPL5528,High Exposure User,5,781.5,797.5,16.0,2,5,390.8,24.0,Klarna,Beauty and Skincare
BNPL5529,Regular User,7,1319.28,1319.28,0.0,0,3,282.72,64.0,Sezzle,Beauty and Skincare
BNPL5530,Occasional User,2,141.55,141.55,0.0,0,1,35.38,86.0,PayBright,Footwear
BNPL5531,High Exposure User,17,2760.81,2768.81,8.0,1,5,406.0,28.0,Afterpay,Home and Furniture
BNPL5532,Regular User,6,681.06,681.06,0.0,0,2,113.52,44.0,Afterpay,Sporting Goods
BNPL5533,Occasional User,2,172.82,172.82,0.0,0,1,43.2,77.0,Afterpay,Footwear
BNPL5534,Occasional User,1,266.9,266.9,0.0,0,1,133.44,70.0,Afterpay,Electronics and Tech
BNPL5535,High Exposure User,5,693.78,701.78,8.0,1,5,346.9,13.0,Klarna,Beauty and Skincare
BNPL5536,High Exposure User,18,1908.29,1948.29,40.0,5,6,318.0,33.0,Klarna,Electronics and Tech
BNPL5537,Regular User,9,1056.03,1056.03,0.0,0,2,117.32,47.0,Sezzle,Beauty and Skincare
BNPL5538,High Exposure User,16,2733.64,2781.64,48.0,6,5,427.1,62.0,Sezzle,Home and Furniture
BNPL5539,Regular User,7,1023.12,1039.12,16.0,2,1,73.08,61.0,Paidy,"Fast Fashion (Shein, Temu, ASOS)"
BNPL5540,Regular User,7,942.71,942.71,0.0,0,3,202.02,82.0,Afterpay,Sporting Goods
BNPL5541,Regular User,8,975.75,983.75,8.0,1,2,121.96,62.0,Sezzle,Electronics and Tech
BNPL5542,Occasional User,2,100.5,100.5,0.0,0,1,25.12,98.0,Sezzle,Footwear
BNPL5543,Occasional User,2,399.96,399.96,0.0,0,1,99.98,80.0,Afterpay,Sporting Goods
BNPL5544,Occasional User,2,323.67,323.67,0.0,0,1,80.92,78.0,Klarna,Electronics and Tech
BNPL5545,High Exposure User,19,2925.92,2997.92,72.0,9,5,385.0,21.0,Afterpay,Footwear
BNPL5546,Occasional User,3,353.3,353.3,0.0,0,1,58.88,69.0,Afterpay,Footwear
BNPL5547,Regular User,6,1140.52,1140.52,0.0,0,2,190.08,63.0,Afterpay,Home and Furniture
BNPL5548,Regular User,7,1156.03,1164.03,8.0,1,2,165.16,87.0,Paidy,Sporting Goods
BNPL5549,High Exposure User,19,1625.67,1681.67,56.0,7,5,213.9,17.0,Paidy,Beauty and Skincare
BNPL5550,Occasional User,2,365.48,365.48,0.0,0,1,91.38,99.0,Sezzle,Sporting Goods
BNPL5551,Occasional User,1,163.33,163.33,0.0,0,1,81.66,88.0,Sezzle,Home and Furniture
BNPL5552,High Exposure User,8,1461.05,1493.05,32.0,4,5,456.6,36.0,Klarna,Sporting Goods
BNPL5553,Regular User,5,925.47,925.47,0.0,0,3,277.62,67.0,Afterpay,Footwear
BNPL5554,Regular User,7,1207.56,1215.56,8.0,1,2,172.52,35.0,Klarna,"Fast Fashion (Shein, Temu, ASOS)"
BNPL5555,Regular User,11,1123.74,1139.74,16.0,2,2,102.16,55.0,Afterpay,"Fast Fashion (Shein, Temu, ASOS)"
BNPL5556,High Exposure User,16,2186.4,2250.4,64.0,8,6,409.92,38.0,Klarna,Footwear
BNPL5557,Regular User,2,389.76,389.76,0.0,0,1,97.44,68.0,Afterpay,Sporting Goods
BNPL5558,Occasional User,2,203.97,203.97,0.0,0,1,51.0,96.0,Afterpay,Electronics and Tech
BNPL5559,High Exposure User,12,1922.07,1938.07,16.0,2,6,480.48,29.0,Klarna,Sporting Goods
BNPL5560,Regular User,6,629.35,645.35,16.0,2,3,157.32,62.0,Sezzle,Electronics and Tech
BNPL5561,High Exposure User,11,1974.57,1990.57,16.0,2,6,538.56,24.0,Sezzle,Home and Furniture
BNPL5562,Occasional User,2,215.05,215.05,0.0,0,1,53.76,89.0,Klarna,Home and Furniture
BNPL5563,Occasional User,2,305.08,305.08,0.0,0,1,76.26,94.0,Sezzle,Beauty and Skincare
BNPL5564,High Exposure User,11,1596.13,1628.13,32.0,4,5,362.8,16.0,Afterpay,Beauty and Skincare
BNPL5565,Regular User,7,1375.11,1391.11,16.0,2,2,196.44,57.0,Afterpay,Footwear
BNPL5566,Occasional User,2,146.39,146.39,0.0,0,1,36.6,86.0,Afterpay,Electronics and Tech
BNPL5567,High Exposure User,14,2063.07,2135.07,72.0,9,6,442.08,37.0,Klarna,Electronics and Tech
BNPL5568,High Exposure User,8,707.4,739.4,32.0,4,5,221.1,57.0,Afterpay,Footwear
BNPL5569,Occasional User,1,62.33,62.33,0.0,0,1,31.16,77.0,Sezzle,"Fast Fashion (Shein, Temu, ASOS)"
BNPL5570,Occasional User,4,487.27,495.27,8.0,1,1,60.9,75.0,Afterpay,Beauty and Skincare
BNPL5571,Regular User,8,1269.83,1269.83,0.0,0,3,238.08,73.0,Klarna,Sporting Goods
BNPL5572,Occasional User,2,552.28,552.28,0.0,0,1,138.06,88.0,Klarna,Home and Furniture
BNPL5573,Occasional User,1,51.0,51.0,0.0,0,1,25.5,71.0,Klarna,Footwear
BNPL5574,Occasional User,2,418.88,418.88,0.0,0,1,104.72,91.0,Klarna,Electronics and Tech
BNPL5575,Regular User,6,383.71,415.71,32.0,4,2,63.96,44.0,Sezzle,Beauty and Skincare
BNPL5576,High Exposure User,15,1899.82,1995.82,96.0,12,5,316.6,32.0,Klarna,Beauty and Skincare
BNPL5577,High Exposure User,11,1186.87,1218.87,32.0,4,6,323.64,24.0,Afterpay,Footwear
BNPL5578,Regular User,7,1258.5,1258.5,0.0,0,2,179.8,52.0,Paidy,Electronics and Tech
BNPL5579,High Exposure User,23,2438.11,2526.11,88.0,11,5,265.0,21.0,Afterpay,Footwear
BNPL5580,High Exposure User,16,2475.14,2531.14,56.0,7,6,464.04,40.0,Afterpay,Sporting Goods
BNPL5581,Regular User,5,1045.74,1053.74,8.0,1,2,209.16,58.0,Sezzle,Home and Furniture
BNPL5582,Occasional User,1,67.03,83.03,16.0,2,1,33.52,74.0,Paidy,"Fast Fashion (Shein, Temu, ASOS)"
BNPL5583,Occasional User,1,99.89,99.89,0.0,0,1,49.94,80.0,Paidy,"Fast Fashion (Shein, Temu, ASOS)"
BNPL5584,High Exposure User,9,939.26,979.26,40.0,5,6,313.08,17.0,Klarna,Beauty and Skincare
BNPL5585,Regular User,10,1542.21,1542.21,0.0,0,3,231.36,64.0,Afterpay,Beauty and Skincare
BNPL5586,Regular User,6,675.44,691.44,16.0,2,3,168.84,65.0,PayBright,Sporting Goods
BNPL5587,Occasional User,2,442.61,442.61,0.0,0,1,110.66,100.0,Klarna,Beauty and Skincare
BNPL5588,High Exposure User,12,1755.06,1787.06,32.0,4,6,438.72,20.0,Klarna,"Fast Fashion (Shein, Temu, ASOS)"
BNPL5589,Regular User,4,583.31,583.31,0.0,0,3,218.76,87.0,Afterpay,Footwear
BNPL5590,Regular User,12,1222.11,1230.11,8.0,1,3,152.76,84.0,Sezzle,Beauty and Skincare
BNPL5591,Occasional User,2,462.42,462.42,0.0,0,1,115.6,74.0,Afterpay,Beauty and Skincare
BNPL5592,Regular User,1,155.57,155.57,0.0,0,1,77.78,56.0,Afterpay,Home and Furniture
BNPL5593,Occasional User,1,379.84,379.84,0.0,0,1,189.92,66.0,Sezzle,"Fast Fashion (Shein, Temu, ASOS)"
BNPL5594,Occasional User,1,84.76,84.76,0.0,0,2,84.76,82.0,Afterpay,"Fast Fashion (Shein, Temu, ASOS)"
BNPL5595,Occasional User,1,197.6,197.6,0.0,0,1,98.8,100.0,Afterpay,Footwear
BNPL5596,Occasional User,1,42.15,42.15,0.0,0,1,21.08,88.0,Klarna,Beauty and Skincare
BNPL5597,Occasional User,2,331.49,331.49,0.0,0,1,82.88,96.0,Klarna,Beauty and Skincare
BNPL5598,Regular User,4,734.16,750.16,16.0,2,2,183.52,67.0,Klarna,Home and Furniture
BNPL5599,Occasional User,3,602.57,602.57,0.0,0,1,100.42,87.0,Klarna,Beauty and Skincare
BNPL5600,Regular User,5,644.46,660.46,16.0,2,2,128.88,51.0,Sezzle,Electronics and Tech
BNPL5601,Regular User,8,1125.1,1125.1,0.0,0,2,140.64,50.0,Klarna,Home and Furniture
BNPL5602,High Exposure User,15,1530.55,1586.55,56.0,7,5,255.1,16.0,Sezzle,Beauty and Skincare
BNPL5603,Occasional User,1,105.96,105.96,0.0,0,1,52.98,87.0,Afterpay,Home and Furniture
BNPL5604,Regular User,7,942.51,942.51,0.0,0,2,134.64,74.0,PayBright,"Fast Fashion (Shein, Temu, ASOS)"
BNPL5605,Occasional User,2,190.72,190.72,0.0,0,1,47.68,78.0,Afterpay,Electronics and Tech
BNPL5606,High Exposure User,16,1582.04,1694.04,112.0,14,5,247.2,35.0,Klarna,Electronics and Tech
BNPL5607,High Exposure User,15,2135.83,2159.83,24.0,3,5,356.0,24.0,Sezzle,Home and Furniture
BNPL5608,Occasional User,3,448.49,456.49,8.0,1,1,74.74,99.0,Afterpay,"Fast Fashion (Shein, Temu, ASOS)"
BNPL5609,Occasional User,1,58.6,58.6,0.0,0,1,29.3,80.0,PayBright,Home and Furniture
BNPL5610,Occasional User,2,253.93,253.93,0.0,0,1,63.48,83.0,Afterpay,Footwear
BNPL5611,Regular User,9,1394.28,1402.28,8.0,1,3,232.38,71.0,Afterpay,Electronics and Tech
BNPL5612,Regular User,4,237.85,237.85,0.0,0,3,89.22,60.0,PayBright,Electronics and Tech
BNPL5613,Occasional User,1,121.33,121.33,0.0,0,1,60.66,98.0,Afterpay,Electronics and Tech
BNPL5614,Regular User,7,744.58,768.58,24.0,3,4,212.72,65.0,Sezzle,Electronics and Tech
BNPL5615,Regular User,8,1485.91,1517.91,32.0,4,3,278.58,74.0,Afterpay,Beauty and Skincare
BNPL5616,High Exposure User,7,1138.62,1138.62,0.0,0,5,406.7,49.0,Sezzle,Beauty and Skincare
BNPL5617,Regular User,4,1013.11,1021.11,8.0,1,1,126.64,73.0,PayBright,Sporting Goods
BNPL5618,Regular User,8,1045.12,1069.12,24.0,3,2,130.64,67.0,Klarna,Home and Furniture
BNPL5619,Regular User,6,970.12,978.12,8.0,1,2,161.68,60.0,Afterpay,Electronics and Tech
BNPL5620,Regular User,8,1184.35,1184.35,0.0,0,3,222.06,85.0,PayBright,"Fast Fashion (Shein, Temu, ASOS)"
BNPL5621,Occasional User,1,423.23,423.23,0.0,0,1,211.62,100.0,Klarna,Sporting Goods
BNPL5622,High Exposure User,7,892.52,924.52,32.0,4,6,382.56,35.0,Afterpay,Footwear
BNPL5623,Regular User,4,971.56,987.56,16.0,2,3,364.32,87.0,Sezzle,Beauty and Skincare
BNPL5624,Regular User,8,1428.83,1452.83,24.0,3,3,267.9,49.0,Klarna,Electronics and Tech
BNPL5625,Regular User,7,1483.22,1491.22,8.0,1,3,317.82,73.0,Sezzle,Footwear
BNPL5626,High Exposure User,14,2032.91,2080.91,48.0,6,6,435.6,45.0,Klarna,Electronics and Tech
BNPL5627,High Exposure User,7,1184.46,1192.46,8.0,1,5,423.0,31.0,Afterpay,Electronics and Tech
BNPL5628,Occasional User,1,395.55,395.55,0.0,0,1,197.78,80.0,Sezzle,Footwear
BNPL5629,Regular User,9,761.36,761.36,0.0,0,3,126.9,73.0,Afterpay,Home and Furniture
BNPL5630,Occasional User,3,313.6,313.6,0.0,0,1,52.26,100.0,Klarna,Home and Furniture
BNPL5631,Regular User,7,1177.57,1209.57,32.0,4,4,336.48,56.0,Afterpay,Home and Furniture
BNPL5632,Regular User,3,534.63,534.63,0.0,0,2,178.2,78.0,Klarna,Sporting Goods
BNPL5633,High Exposure User,16,2907.56,2963.56,56.0,7,6,545.16,45.0,PayBright,Sporting Goods
BNPL5634,Regular User,7,1197.51,1197.51,0.0,0,2,171.08,70.0,Afterpay,Home and Furniture
BNPL5635,Occasional User,1,458.2,458.2,0.0,0,1,229.1,79.0,Afterpay,Sporting Goods
BNPL5636,High Exposure User,17,3427.89,3467.89,40.0,5,5,504.1,26.0,Klarna,Beauty and Skincare
BNPL5637,High Exposure User,11,661.47,725.47,64.0,8,5,150.3,38.0,Sezzle,Electronics and Tech
BNPL5638,Occasional User,1,50.1,50.1,0.0,0,1,25.06,79.0,Sezzle,"Fast Fashion (Shein, Temu, ASOS)"
BNPL5639,Regular User,9,1345.47,1361.47,16.0,2,3,224.22,65.0,Sezzle,Home and Furniture
BNPL5640,Occasional User,2,169.65,169.65,0.0,0,1,42.42,97.0,Klarna,"Fast Fashion (Shein, Temu, ASOS)"
BNPL5641,Occasional User,3,838.69,854.69,16.0,2,1,139.78,100.0,PayBright,Footwear
BNPL5642,Regular User,11,1640.52,1640.52,0.0,0,3,223.68,72.0,Afterpay,Beauty and Skincare
BNPL5643,Occasional User,1,254.77,262.77,8.0,1,1,127.38,84.0,Sezzle,Electronics and Tech
BNPL5644,Occasional User,3,674.2,674.2,0.0,0,1,112.36,100.0,Afterpay,Sporting Goods
BNPL5645,Occasional User,3,191.84,191.84,0.0,0,1,31.98,94.0,Klarna,Beauty and Skincare
BNPL5646,Occasional User,2,89.31,89.31,0.0,0,1,22.32,100.0,Afterpay,Beauty and Skincare
BNPL5647,Occasional User,1,34.18,34.18,0.0,0,1,17.08,89.0,Afterpay,Home and Furniture
BNPL5648,Occasional User,2,228.34,228.34,0.0,0,1,57.08,100.0,Klarna,Beauty and Skincare
BNPL5649,Occasional User,4,643.78,643.78,0.0,0,1,80.48,90.0,Sezzle,Beauty and Skincare
BNPL5650,Regular User,4,516.2,516.2,0.0,0,2,129.04,66.0,PayBright,Footwear
BNPL5651,Regular User,8,1315.23,1315.23,0.0,0,2,164.4,64.0,Klarna,Sporting Goods
BNPL5652,Occasional User,1,54.49,54.49,0.0,0,1,27.24,100.0,Paidy,"Fast Fashion (Shein, Temu, ASOS)"
BNPL5653,Occasional User,1,110.16,110.16,0.0,0,1,55.08,88.0,Afterpay,"Fast Fashion (Shein, Temu, ASOS)"
BNPL5654,Regular User,6,901.29,901.29,0.0,0,3,225.3,54.0,Afterpay,Electronics and Tech
BNPL5655,Occasional User,2,219.4,235.4,16.0,2,1,54.86,99.0,Sezzle,"Fast Fashion (Shein, Temu, ASOS)"
BNPL5656,Occasional User,1,51.65,51.65,0.0,0,1,25.82,82.0,Klarna,"Fast Fashion (Shein, Temu, ASOS)"
BNPL5657,Regular User,6,1403.0,1403.0,0.0,0,3,350.76,55.0,PayBright,Electronics and Tech
BNPL5658,Occasional User,1,108.81,108.81,0.0,0,1,54.4,96.0,Klarna,Home and Furniture
BNPL5659,Regular User,6,850.59,858.59,8.0,1,3,212.64,72.0,Klarna,Sporting Goods
BNPL5660,High Exposure User,12,2462.26,2494.26,32.0,4,5,513.0,42.0,Klarna,Electronics and Tech
BNPL5661,High Exposure User,15,2201.01,2201.01,0.0,0,5,366.8,18.0,PayBright,Electronics and Tech
BNPL5662,High Exposure User,14,2141.1,2165.1,24.0,3,6,458.76,23.0,Paidy,"Fast Fashion (Shein, Temu, ASOS)"
BNPL5663,Regular User,7,1225.39,1225.39,0.0,0,3,262.56,50.0,Afterpay,Footwear
BNPL5664,Occasional User,2,133.99,133.99,0.0,0,1,33.5,97.0,PayBright,Home and Furniture
BNPL5665,Regular User,8,732.17,732.17,0.0,0,2,91.52,68.0,Klarna,"Fast Fashion (Shein, Temu, ASOS)"
BNPL5666,Regular User,6,1561.63,1577.63,16.0,2,2,260.28,70.0,Klarna,"Fast Fashion (Shein, Temu, ASOS)"
BNPL5667,Regular User,6,1101.85,1109.85,8.0,1,2,183.64,51.0,Sezzle,Home and Furniture
BNPL5668,Regular User,7,1295.93,1311.93,16.0,2,2,185.12,53.0,Paidy,Footwear
BNPL5669,High Exposure User,19,2218.68,2218.68,0.0,0,6,350.28,30.0,Afterpay,Beauty and Skincare
BNPL5670,Regular User,3,290.94,290.94,0.0,0,3,145.5,57.0,Klarna,Home and Furniture
BNPL5671,Regular User,3,190.97,206.97,16.0,2,3,95.46,47.0,Klarna,Beauty and Skincare
BNPL5672,Occasional User,2,129.74,129.74,0.0,0,1,32.44,96.0,Afterpay,Footwear
BNPL5673,Occasional User,2,199.51,199.51,0.0,0,1,49.88,86.0,Afterpay,Sporting Goods
BNPL5674,Occasional User,1,152.67,152.67,0.0,0,1,76.34,80.0,Afterpay,Footwear
BNPL5675,Occasional User,1,266.48,266.48,0.0,0,1,133.24,76.0,Afterpay,"Fast Fashion (Shein, Temu, ASOS)"
BNPL5676,Occasional User,1,89.93,89.93,0.0,0,1,44.96,86.0,Klarna,Home and Furniture
BNPL5677,Occasional User,1,242.32,242.32,0.0,0,1,121.16,96.0,Klarna,Footwear
BNPL5678,Occasional User,3,259.77,259.77,0.0,0,1,43.3,84.0,Sezzle,Electronics and Tech
BNPL5679,Occasional User,1,318.43,318.43,0.0,0,1,159.22,76.0,Klarna,"Fast Fashion (Shein, Temu, ASOS)"
BNPL5680,Occasional User,2,175.79,175.79,0.0,0,1,43.94,100.0,Sezzle,Electronics and Tech
BNPL5681,High Exposure User,11,1541.94,1565.94,24.0,3,5,350.4,32.0,Afterpay,Sporting Goods
BNPL5682,Occasional User,1,121.11,129.11,8.0,1,1,60.56,100.0,Sezzle,Electronics and Tech
BNPL5683,Occasional User,2,149.71,149.71,0.0,0,1,37.42,76.0,PayBright,Electronics and Tech
BNPL5684,High Exposure User,11,1679.88,1695.88,16.0,2,5,381.8,25.0,Afterpay,Beauty and Skincare
BNPL5685,Regular User,6,669.85,709.85,40.0,5,2,111.64,38.0,Klarna,Beauty and Skincare
BNPL5686,Occasional User,3,227.36,227.36,0.0,0,1,37.9,77.0,PayBright,Footwear
BNPL5687,Regular User,6,817.23,817.23,0.0,0,3,204.3,63.0,Klarna,Home and Furniture
BNPL5688,High Exposure User,14,1519.03,1567.03,48.0,6,5,271.3,43.0,PayBright,Electronics and Tech
BNPL5689,Occasional User,3,314.22,314.22,0.0,0,1,52.38,91.0,PayBright,Electronics and Tech
BNPL5690,Occasional User,3,459.97,459.97,0.0,0,1,76.66,100.0,Afterpay,Footwear
BNPL5691,Occasional User,1,183.77,183.77,0.0,0,1,91.88,93.0,Afterpay,Home and Furniture
BNPL5692,Occasional User,1,82.08,82.08,0.0,0,1,41.04,80.0,Klarna,Home and Furniture
BNPL5693,Occasional User,3,566.22,566.22,0.0,0,1,94.38,85.0,Sezzle,Beauty and Skincare
BNPL5694,Regular User,8,791.93,799.93,8.0,1,3,148.5,73.0,Sezzle,Beauty and Skincare
BNPL5695,Occasional User,2,213.1,213.1,0.0,0,1,53.28,96.0,Klarna,Electronics and Tech
BNPL5696,Occasional User,3,526.87,526.87,0.0,0,1,87.82,100.0,Klarna,Footwear
BNPL5697,Regular User,6,758.59,758.59,0.0,0,2,126.44,61.0,Klarna,"Fast Fashion (Shein, Temu, ASOS)"
BNPL5698,Regular User,6,825.97,825.97,0.0,0,3,206.52,67.0,Afterpay,Footwear
BNPL5699,Regular User,7,784.7,816.7,32.0,4,3,168.18,79.0,Afterpay,Beauty and Skincare
BNPL5700,Regular User,5,311.43,327.43,16.0,2,3,93.42,65.0,Afterpay,"Fast Fashion (Shein, Temu, ASOS)"
BNPL5701,Occasional User,1,39.52,39.52,0.0,0,1,19.76,94.0,Sezzle,Home and Furniture
BNPL5702,Occasional User,1,124.16,124.16,0.0,0,1,62.08,95.0,Afterpay,Footwear
BNPL5703,High Exposure User,19,3318.88,3358.88,40.0,5,6,524.04,25.0,Afterpay,Sporting Goods
BNPL5704,Occasional User,2,99.48,115.48,16.0,2,1,24.86,87.0,Afterpay,Home and Furniture
BNPL5705,Occasional User,1,183.94,183.94,0.0,0,1,91.96,96.0,Klarna,Beauty and Skincare
BNPL5706,High Exposure User,13,1798.99,1854.99,56.0,7,6,415.2,24.0,Afterpay,Sporting Goods
BNPL5707,High Exposure User,21,3333.06,3389.06,56.0,7,6,476.16,42.0,Klarna,Home and Furniture
BNPL5708,Regular User,11,2625.48,2633.48,8.0,1,3,358.02,44.0,Afterpay,Footwear
BNPL5709,High Exposure User,12,1526.1,1574.1,48.0,6,5,317.9,52.0,Sezzle,Electronics and Tech
BNPL5710,High Exposure User,16,1987.6,2067.6,80.0,10,6,372.72,25.0,PayBright,"Fast Fashion (Shein, Temu, ASOS)"
BNPL5711,Regular User,5,1536.48,1536.48,0.0,0,3,460.92,61.0,Paidy,Beauty and Skincare
BNPL5712,High Exposure User,16,2205.44,2253.44,48.0,6,5,344.6,21.0,Afterpay,Sporting Goods
BNPL5713,Regular User,6,686.05,726.05,40.0,5,1,57.18,55.0,Afterpay,Home and Furniture
BNPL5714,Regular User,8,1365.41,1373.41,8.0,1,2,170.68,70.0,Sezzle,Electronics and Tech
BNPL5715,Occasional User,2,99.87,99.87,0.0,0,1,24.96,100.0,Klarna,Footwear
BNPL5716,High Exposure User,8,849.44,865.44,16.0,2,5,265.4,34.0,Afterpay,Electronics and Tech
BNPL5717,Regular User,7,559.64,567.64,8.0,1,3,119.94,73.0,Klarna,Beauty and Skincare
BNPL5718,Regular User,10,1732.65,1740.65,8.0,1,3,259.92,62.0,Sezzle,Electronics and Tech
BNPL5719,Occasional User,1,314.39,314.39,0.0,0,1,157.2,67.0,Afterpay,Sporting Goods
BNPL5720,High Exposure User,13,1669.48,1725.48,56.0,7,6,385.32,25.0,Afterpay,Electronics and Tech
BNPL5721,Regular User,8,660.13,660.13,0.0,0,2,82.52,50.0,Afterpay,Beauty and Skincare
BNPL5722,Occasional User,1,53.56,53.56,0.0,0,1,26.78,100.0,Klarna,Beauty and Skincare
BNPL5723,Occasional User,3,505.24,505.24,0.0,0,1,84.2,99.0,Paidy,Beauty and Skincare
BNPL5724,Occasional User,1,64.2,64.2,0.0,0,1,32.1,100.0,Afterpay,Footwear
BNPL5725,Regular User,9,1177.9,1193.9,16.0,2,3,196.32,50.0,Afterpay,"Fast Fashion (Shein, Temu, ASOS)"
BNPL5726,Occasional User,2,214.07,214.07,0.0,0,1,53.52,83.0,Klarna,Home and Furniture
BNPL5727,Regular User,10,1656.49,1680.49,24.0,3,2,165.64,80.0,Paidy,"Fast Fashion (Shein, Temu, ASOS)"
BNPL5728,Regular User,7,1011.88,1019.88,8.0,1,3,216.84,80.0,PayBright,Sporting Goods
BNPL5729,Regular User,7,884.95,900.95,16.0,2,3,189.66,77.0,Afterpay,Footwear
BNPL5730,Occasional User,1,74.59,74.59,0.0,0,1,37.3,94.0,Klarna,Home and Furniture
BNPL5731,Occasional User,3,494.89,494.89,0.0,0,1,82.48,97.0,Afterpay,Home and Furniture
BNPL5732,Regular User,11,1524.7,1540.7,16.0,2,2,138.6,52.0,Afterpay,Footwear
BNPL5733,Regular User,6,716.52,732.52,16.0,2,3,179.16,59.0,Afterpay,Sporting Goods
BNPL5734,Regular User,6,842.31,842.31,0.0,0,2,140.4,47.0,Afterpay,Sporting Goods
BNPL5735,Regular User,3,274.7,290.7,16.0,2,2,91.56,43.0,Sezzle,Footwear
BNPL5736,Occasional User,1,65.18,65.18,0.0,0,1,32.6,82.0,Paidy,"Fast Fashion (Shein, Temu, ASOS)"
BNPL5737,Regular User,5,452.49,452.49,0.0,0,3,135.72,52.0,Afterpay,Home and Furniture
BNPL5738,Regular User,5,602.61,602.61,0.0,0,3,180.78,67.0,Paidy,Beauty and Skincare
BNPL5739,Occasional User,2,145.11,145.11,0.0,0,1,36.28,78.0,Sezzle,Beauty and Skincare
BNPL5740,Regular User,5,479.45,479.45,0.0,0,3,143.82,70.0,Klarna,Sporting Goods
BNPL5741,High Exposure User,7,1050.87,1058.87,8.0,1,5,375.3,31.0,Paidy,Electronics and Tech
BNPL5742,Regular User,7,1011.3,1011.3,0.0,0,2,144.48,73.0,Klarna,Footwear
BNPL5743,Occasional User,2,144.05,144.05,0.0,0,1,36.02,72.0,Klarna,Footwear
BNPL5744,Occasional User,2,264.56,264.56,0.0,0,1,66.14,79.0,Klarna,Home and Furniture
BNPL5745,Regular User,3,452.95,452.95,0.0,0,2,151.0,76.0,Sezzle,"Fast Fashion (Shein, Temu, ASOS)"
BNPL5746,Occasional User,2,537.04,537.04,0.0,0,1,134.26,77.0,Klarna,Beauty and Skincare
BNPL5747,Regular User,5,626.54,626.54,0.0,0,3,187.98,70.0,Afterpay,Electronics and Tech
BNPL5748,Regular User,9,1631.56,1631.56,0.0,0,2,181.28,61.0,PayBright,Sporting Goods
BNPL5749,Occasional User,2,616.1,616.1,0.0,0,1,154.02,94.0,Sezzle,Home and Furniture
BNPL5750,High Exposure User,10,1723.28,1763.28,40.0,5,6,516.96,43.0,Klarna,"Fast Fashion (Shein, Temu, ASOS)"
BNPL5751,Regular User,5,619.56,619.56,0.0,0,2,123.92,63.0,Afterpay,Electronics and Tech
BNPL5752,Occasional User,2,129.54,129.54,0.0,0,1,32.38,95.0,Sezzle,Electronics and Tech
BNPL5753,High Exposure User,12,1621.15,1653.15,32.0,4,5,337.7,37.0,Paidy,Home and Furniture
BNPL5754,Occasional User,2,407.32,407.32,0.0,0,1,101.82,82.0,Afterpay,Sporting Goods
BNPL5755,Occasional User,1,334.34,334.34,0.0,0,1,167.16,96.0,Afterpay,Home and Furniture
BNPL5756,Regular User,3,953.88,953.88,0.0,0,3,476.94,49.0,Sezzle,Footwear
BNPL5757,High Exposure User,20,2900.71,2964.71,64.0,8,6,435.12,31.0,Klarna,"Fast Fashion (Shein, Temu, ASOS)"
BNPL5758,Regular User,9,1082.52,1082.52,0.0,0,2,120.28,51.0,Afterpay,Home and Furniture
BNPL5759,Regular User,4,436.87,436.87,0.0,0,2,109.2,83.0,Afterpay,Sporting Goods
BNPL5760,Regular User,8,1213.85,1221.85,8.0,1,2,151.72,58.0,Sezzle,Home and Furniture
BNPL5761,High Exposure User,14,1420.2,1468.2,48.0,6,5,253.6,19.0,Afterpay,Electronics and Tech
BNPL5762,Occasional User,2,172.83,172.83,0.0,0,1,43.2,79.0,Paidy,Electronics and Tech
BNPL5763,Occasional User,2,573.38,573.38,0.0,0,1,143.34,100.0,Klarna,Footwear
BNPL5764,Occasional User,2,384.93,384.93,0.0,0,1,96.24,83.0,Klarna,Footwear
BNPL5765,Occasional User,2,673.67,673.67,0.0,0,1,168.42,77.0,Klarna,Home and Furniture
BNPL5766,Occasional User,2,422.79,422.79,0.0,0,1,105.7,66.0,Sezzle,Beauty and Skincare
BNPL5767,Occasional User,1,283.95,283.95,0.0,0,1,141.98,100.0,Klarna,Home and Furniture
BNPL5768,Regular User,8,1438.04,1454.04,16.0,2,2,179.76,57.0,Afterpay,Footwear
BNPL5769,Regular User,3,222.84,222.84,0.0,0,2,74.28,69.0,Paidy,Electronics and Tech
BNPL5770,Occasional User,1,42.91,42.91,0.0,0,1,21.46,87.0,Afterpay,Sporting Goods
BNPL5771,Regular User,7,1261.95,1269.95,8.0,1,2,180.28,65.0,Klarna,Electronics and Tech
BNPL5772,Occasional User,1,262.07,262.07,0.0,0,1,131.04,99.0,Afterpay,Beauty and Skincare
BNPL5773,Occasional User,1,457.4,457.4,0.0,0,1,228.7,82.0,Klarna,Home and Furniture
BNPL5774,Regular User,6,886.57,886.57,0.0,0,2,147.76,59.0,Klarna,Home and Furniture
BNPL5775,Regular User,7,1158.59,1190.59,32.0,4,3,248.28,59.0,Sezzle,"Fast Fashion (Shein, Temu, ASOS)"
BNPL5776,Occasional User,1,270.72,270.72,0.0,0,1,135.36,76.0,Afterpay,Sporting Goods
BNPL5777,Regular User,6,1560.67,1568.67,8.0,1,2,260.12,62.0,Klarna,Home and Furniture
BNPL5778,Regular User,11,1445.2,1461.2,16.0,2,2,131.4,33.0,Afterpay,Footwear
BNPL5779,Occasional User,2,130.59,130.59,0.0,0,1,32.64,100.0,Afterpay,Footwear
BNPL5780,Occasional User,3,436.58,436.58,0.0,0,1,72.76,88.0,Afterpay,"Fast Fashion (Shein, Temu, ASOS)"
BNPL5781,Regular User,4,418.41,418.41,0.0,0,2,104.6,62.0,Sezzle,Home and Furniture
BNPL5782,Occasional User,1,56.04,56.04,0.0,0,1,28.02,100.0,Sezzle,Sporting Goods
BNPL5783,Occasional User,4,518.44,518.44,0.0,0,1,64.8,100.0,Afterpay,Beauty and Skincare
BNPL5784,Occasional User,1,136.38,136.38,0.0,0,1,68.18,88.0,Klarna,Footwear
BNPL5785,Regular User,3,412.57,412.57,0.0,0,2,137.52,62.0,Afterpay,"Fast Fashion (Shein, Temu, ASOS)"
BNPL5786,High Exposure User,12,1958.24,1990.24,32.0,4,5,408.0,29.0,Afterpay,Sporting Goods
BNPL5787,High Exposure User,20,1926.35,1974.35,48.0,6,5,240.8,45.0,Sezzle,Beauty and Skincare
BNPL5788,Regular User,7,1168.07,1176.07,8.0,1,2,166.88,69.0,Klarna,Electronics and Tech
BNPL5789,Occasional User,3,474.31,474.31,0.0,0,1,79.06,96.0,Klarna,Electronics and Tech
BNPL5790,Occasional User,1,149.6,149.6,0.0,0,1,74.8,100.0,Klarna,Electronics and Tech
BNPL5791,High Exposure User,16,2074.08,2098.08,24.0,3,6,388.92,42.0,Sezzle,Beauty and Skincare
BNPL5792,Regular User,6,1030.44,1046.44,16.0,2,2,171.76,74.0,PayBright,Home and Furniture
BNPL5793,Regular User,6,945.35,945.35,0.0,0,2,157.56,50.0,Sezzle,Sporting Goods
BNPL5794,Occasional User,2,440.76,440.76,0.0,0,1,110.18,65.0,Klarna,Home and Furniture
BNPL5795,Occasional User,3,303.63,303.63,0.0,0,1,50.6,83.0,Klarna,Home and Furniture
BNPL5796,Occasional User,1,81.68,81.68,0.0,0,2,81.68,97.0,Afterpay,Sporting Goods
BNPL5797,Occasional User,1,58.51,58.51,0.0,0,1,29.26,74.0,Sezzle,Beauty and Skincare
BNPL5798,Occasional User,2,428.49,428.49,0.0,0,1,107.12,78.0,Sezzle,Sporting Goods
BNPL5799,Regular User,5,1089.09,1089.09,0.0,0,3,326.7,59.0,Afterpay,Beauty and Skincare
BNPL5800,Occasional User,1,49.05,49.05,0.0,0,1,24.52,70.0,Klarna,"Fast Fashion (Shein, Temu, ASOS)"
